{
  "summary": {
    "processed": 15,
    "by_winner": {
      "none": 10,
      "isotonic": 4,
      "temperature": 1
    },
    "skipped": 0,
    "errors": 0
  },
  "runs": [
    {
      "league": "BL",
      "architecture": "mlp",
      "n_val_total": 169,
      "n_calib": 84,
      "n_eval": 85,
      "mask_coverage_eval": 1.0,
      "metrics": {
        "none": {
          "ece": 0.054558202799628745,
          "kelly_growth": 0.10388582454299253,
          "nll": 1.0715537071228027,
          "kelly_roi": -0.024024709407367513,
          "flat_roi": 0.0913793185661579,
          "n_bets": 145.0
        },
        "isotonic": {
          "ece": 0.1783206799451043,
          "kelly_growth": 0.06773566476562444,
          "nll": 1.7161779403686523,
          "kelly_roi": -0.24433264665337182,
          "flat_roi": -0.032095234734671456,
          "n_bets": 105.0
        },
        "temperature": {
          "ece": 0.05916201191789963,
          "kelly_growth": 0.08117518229410052,
          "nll": 1.067573070526123,
          "kelly_roi": -0.13833297462482033,
          "flat_roi": 0.09320895885353658,
          "n_bets": 134.0
        }
      },
      "winner": "none",
      "reason": "kept baseline: no method beats 'none' by +0.0005 growth while staying within 0.005 ECE",
      "temperature": 0.48708894353558235,
      "selection": {
        "growth_margin": 0.0005,
        "ece_margin": 0.005
      }
    },
    {
      "league": "BL",
      "architecture": "tabtransformer",
      "n_val_total": 169,
      "n_calib": 84,
      "n_eval": 85,
      "mask_coverage_eval": 1.0,
      "metrics": {
        "none": {
          "ece": 0.06982382886550005,
          "kelly_growth": 0.13888571823070592,
          "nll": 1.1055861711502075,
          "kelly_roi": 0.0571417909025656,
          "flat_roi": 0.11690648339635176,
          "n_bets": 139.0
        },
        "isotonic": {
          "ece": 0.0773393732659957,
          "kelly_growth": 0.1549403554212083,
          "nll": 1.7091575860977173,
          "kelly_roi": 0.09888533381633137,
          "flat_roi": 0.06037594142713045,
          "n_bets": 133.0
        },
        "temperature": {
          "ece": 0.048922174818375554,
          "kelly_growth": 0.13829256184399127,
          "nll": 1.1031770706176758,
          "kelly_roi": 0.05110041101534526,
          "flat_roi": 0.12418440555004363,
          "n_bets": 141.0
        }
      },
      "winner": "none",
      "reason": "kept baseline: no method beats 'none' by +0.0005 growth while staying within 0.005 ECE",
      "temperature": 1.1957849065629491,
      "selection": {
        "growth_margin": 0.0005,
        "ece_margin": 0.005
      }
    },
    {
      "league": "BL",
      "architecture": "sequence",
      "n_val_total": 169,
      "n_calib": 84,
      "n_eval": 85,
      "mask_coverage_eval": 1.0,
      "metrics": {
        "none": {
          "ece": 0.04465169135261983,
          "kelly_growth": 0.1107249059029581,
          "nll": 1.0284889936447144,
          "kelly_roi": 0.19190330706256292,
          "flat_roi": 0.1281102398249108,
          "n_bets": 127.0
        },
        "isotonic": {
          "ece": 0.11363348680384021,
          "kelly_growth": 0.11095092213842744,
          "nll": 1.029718279838562,
          "kelly_roi": 0.13954317011823586,
          "flat_roi": 0.14018182104284113,
          "n_bets": 110.0
        },
        "temperature": {
          "ece": 0.034557113226722246,
          "kelly_growth": 0.11057459030519513,
          "nll": 1.0296967029571533,
          "kelly_roi": 0.16927969452028888,
          "flat_roi": 0.11062015858731529,
          "n_bets": 129.0
        }
      },
      "winner": "none",
      "reason": "kept baseline: no method beats 'none' by +0.0005 growth while staying within 0.005 ECE",
      "temperature": 1.0960549973973723,
      "selection": {
        "growth_margin": 0.0005,
        "ece_margin": 0.005
      }
    },
    {
      "league": "CH",
      "architecture": "mlp",
      "n_val_total": 317,
      "n_calib": 158,
      "n_eval": 159,
      "mask_coverage_eval": 1.0,
      "metrics": {
        "none": {
          "ece": 0.2607464580415929,
          "kelly_growth": 0.1094874100301652,
          "nll": 1.3112481832504272,
          "kelly_roi": -0.11786028723931107,
          "flat_roi": -0.13098522125206558,
          "n_bets": 203.0
        },
        "isotonic": {
          "ece": 0.07222276551168669,
          "kelly_growth": 0.0729004823274723,
          "nll": 1.8765639066696167,
          "kelly_roi": 0.009806501047394795,
          "flat_roi": -0.045054347618766456,
          "n_bets": 184.0
        },
        "temperature": {
          "ece": 0.11850589026445113,
          "kelly_growth": 0.09045104598538634,
          "nll": 1.1000068187713623,
          "kelly_roi": -0.06517493844248938,
          "flat_roi": -0.05225296548232731,
          "n_bets": 253.0
        }
      },
      "winner": "none",
      "reason": "kept baseline: no method beats 'none' by +0.0005 growth while staying within 0.005 ECE",
      "temperature": 3.936754312046525,
      "selection": {
        "growth_margin": 0.0005,
        "ece_margin": 0.005
      }
    },
    {
      "league": "CH",
      "architecture": "tabtransformer",
      "n_val_total": 317,
      "n_calib": 158,
      "n_eval": 159,
      "mask_coverage_eval": 1.0,
      "metrics": {
        "none": {
          "ece": 0.059091534442121875,
          "kelly_growth": 0.10381213025594095,
          "nll": 1.054187536239624,
          "kelly_roi": 0.09680622398008497,
          "flat_roi": 0.038173516591389976,
          "n_bets": 219.0
        },
        "isotonic": {
          "ece": 0.051784793348432334,
          "kelly_growth": 0.08320316074955286,
          "nll": 1.199390172958374,
          "kelly_roi": 0.2326415712404601,
          "flat_roi": 0.02854053716401796,
          "n_bets": 185.0
        },
        "temperature": {
          "ece": 0.045429058794705386,
          "kelly_growth": 0.08243985042421136,
          "nll": 1.0421637296676636,
          "kelly_roi": 0.11201723549080973,
          "flat_roi": 0.04360000014305115,
          "n_bets": 200.0
        }
      },
      "winner": "none",
      "reason": "kept baseline: no method beats 'none' by +0.0005 growth while staying within 0.005 ECE",
      "temperature": 1.6232420367426867,
      "selection": {
        "growth_margin": 0.0005,
        "ece_margin": 0.005
      }
    },
    {
      "league": "CH",
      "architecture": "sequence",
      "n_val_total": 317,
      "n_calib": 158,
      "n_eval": 159,
      "mask_coverage_eval": 1.0,
      "metrics": {
        "none": {
          "ece": 0.1028371367064662,
          "kelly_growth": 0.08718059649515264,
          "nll": 1.109044075012207,
          "kelly_roi": -0.030917143431670405,
          "flat_roi": -0.016723161363332285,
          "n_bets": 177.0
        },
        "isotonic": {
          "ece": 0.08497123954431063,
          "kelly_growth": 0.06699411146512618,
          "nll": 1.2206681966781616,
          "kelly_roi": -0.024196690214193052,
          "flat_roi": 0.03976047967008488,
          "n_bets": 167.0
        },
        "temperature": {
          "ece": 0.03151587776418003,
          "kelly_growth": 0.07993272806769647,
          "nll": 1.0741016864776611,
          "kelly_roi": 0.032420250787875665,
          "flat_roi": -0.005530974506276899,
          "n_bets": 226.0
        }
      },
      "winner": "none",
      "reason": "kept baseline: no method beats 'none' by +0.0005 growth while staying within 0.005 ECE",
      "temperature": 2.927553445425081,
      "selection": {
        "growth_margin": 0.0005,
        "ece_margin": 0.005
      }
    },
    {
      "league": "LL",
      "architecture": "mlp",
      "n_val_total": 213,
      "n_calib": 106,
      "n_eval": 107,
      "mask_coverage_eval": 1.0,
      "metrics": {
        "none": {
          "ece": 0.16672113872020047,