{
  "architecture": "mlp",
  "league": "CH",
  "mask_coverage_eval": 1.0,
  "metrics": {
    "isotonic": {
      "ece": 0.07222276551168669,
      "flat_roi": -0.045054347618766456,
      "kelly_growth": 0.0729004823274723,
      "kelly_roi": 0.009806501047394795,
      "n_bets": 184.0,
      "nll": 1.8765639066696167
    },
    "none": {
      "ece": 0.2607464580415929,
      "flat_roi": -0.13098522125206558,
      "kelly_growth": 0.1094874100301652,
      "kelly_roi": -0.11786028723931107,
      "n_bets": 203.0,
      "nll": 1.3112481832504272
    },
    "temperature": {
      "ece": 0.11850589026445113,
      "flat_roi": -0.05225296548232731,
      "kelly_growth": 0.09045104598538634,
      "kelly_roi": -0.06517493844248938,
      "n_bets": 253.0,
      "nll": 1.1000068187713623
    }
  },
  "n_calib": 158,
  "n_eval": 159,
  "n_val_total": 317,
  "reason": "kept baseline: no method beats 'none' by +0.0005 growth while staying within 0.005 ECE",
  "selection": {
    "ece_margin": 0.005,
    "growth_margin": 0.0005
  },
  "temperature": 3.936754312046525,
  "winner": "none"
}