{
  "architecture": "mlp",
  "league": "BL",
  "mask_coverage_eval": 1.0,
  "metrics": {
    "isotonic": {
      "ece": 0.1783206799451043,
      "flat_roi": -0.032095234734671456,
      "kelly_growth": 0.06773566476562444,
      "kelly_roi": -0.24433264665337182,
      "n_bets": 105.0,
      "nll": 1.7161779403686523
    },
    "none": {
      "ece": 0.054558202799628745,
      "flat_roi": 0.0913793185661579,
      "kelly_growth": 0.10388582454299253,
      "kelly_roi": -0.024024709407367513,
      "n_bets": 145.0,
      "nll": 1.0715537071228027
    },
    "temperature": {
      "ece": 0.05916201191789963,
      "flat_roi": 0.09320895885353658,
      "kelly_growth": 0.08117518229410052,
      "kelly_roi": -0.13833297462482033,
      "n_bets": 134.0,
      "nll": 1.067573070526123
    }
  },
  "n_calib": 84,
  "n_eval": 85,
  "n_val_total": 169,
  "reason": "kept baseline: no method beats 'none' by +0.0005 growth while staying within 0.005 ECE",
  "selection": {
    "ece_margin": 0.005,
    "growth_margin": 0.0005
  },
  "temperature": 0.48708894353558235,
  "winner": "none"
}