{
  "architecture": "mlp",
  "league": "PL",
  "mask_coverage_eval": 1.0,
  "metrics": {
    "isotonic": {
      "ece": 0.11291830645543392,
      "flat_roi": -0.10177777961448387,
      "kelly_growth": 0.07640427671303258,
      "kelly_roi": -0.11517705071241108,
      "n_bets": 135.0,
      "nll": 1.053821325302124
    },
    "none": {
      "ece": 0.06223143205464442,
      "flat_roi": -0.12379310185881867,
      "kelly_growth": 0.09789171648673087,
      "kelly_roi": -0.09319148398152201,
      "n_bets": 174.0,
      "nll": 1.035685420036316
    },
    "temperature": {
      "ece": 0.04499106680121376,
      "flat_roi": 0.0011038950511387416,
      "kelly_growth": 0.09955096684361452,
      "kelly_roi": -0.0761648305669663,
      "n_bets": 154.0,
      "nll": 1.0311836004257202
    }
  },
  "n_calib": 106,
  "n_eval": 107,
  "n_val_total": 213,
  "reason": "temperature beats baseline by +0.00166 growth (ECE delta -0.0172)",
  "selection": {
    "ece_margin": 0.005,
    "growth_margin": 0.0005
  },
  "temperature": 0.5725271997831656,
  "winner": "temperature"
}