{
  "architecture": "sequence",
  "league": "SA",
  "mask_coverage_eval": 1.0,
  "metrics": {
    "isotonic": {
      "ece": 0.10219678254885092,
      "flat_roi": -0.1454794553861226,
      "kelly_growth": 0.08808652031296324,
      "kelly_roi": -0.13451848176037284,
      "n_bets": 146.0,
      "nll": 1.2733187675476074
    },
    "none": {
      "ece": 0.05211500475339802,
      "flat_roi": -0.13635659495065378,
      "kelly_growth": 0.08328642816909493,
      "kelly_roi": -0.0010650131511076735,
      "n_bets": 129.0,
      "nll": 0.9985001683235168
    },
    "temperature": {
      "ece": 0.06631344166871543,
      "flat_roi": -0.11051095228125579,
      "kelly_growth": 0.07304481499628207,
      "kelly_roi": -0.08025884088464605,
      "n_bets": 137.0,
      "nll": 0.9875436425209045
    }
  },
  "n_calib": 106,
  "n_eval": 107,
  "n_val_total": 213,
  "reason": "kept baseline: no method beats 'none' by +0.0005 growth while staying within 0.005 ECE",
  "selection": {
    "ece_margin": 0.005,
    "growth_margin": 0.0005
  },
  "temperature": 1.4070598930814007,
  "winner": "none"
}