{
  "architecture": "sequence",
  "league": "CH",
  "mask_coverage_eval": 1.0,
  "metrics": {
    "isotonic": {
      "ece": 0.08497123954431063,
      "flat_roi": 0.03976047967008488,
      "kelly_growth": 0.06699411146512618,
      "kelly_roi": -0.024196690214193052,
      "n_bets": 167.0,
      "nll": 1.2206681966781616
    },
    "none": {
      "ece": 0.1028371367064662,
      "flat_roi": -0.016723161363332285,
      "kelly_growth": 0.08718059649515264,
      "kelly_roi": -0.030917143431670405,
      "n_bets": 177.0,
      "nll": 1.109044075012207
    },
    "temperature": {
      "ece": 0.03151587776418003,
      "flat_roi": -0.005530974506276899,
      "kelly_growth": 0.07993272806769647,
      "kelly_roi": 0.032420250787875665,
      "n_bets": 226.0,
      "nll": 1.0741016864776611
    }
  },
  "n_calib": 158,
  "n_eval": 159,
  "n_val_total": 317,
  "reason": "kept baseline: no method beats 'none' by +0.0005 growth while staying within 0.005 ECE",
  "selection": {
    "ece_margin": 0.005,
    "growth_margin": 0.0005
  },
  "temperature": 2.927553445425081,
  "winner": "none"
}