{
  "architecture": "sequence",
  "league": "PL",
  "mask_coverage_eval": 1.0,
  "metrics": {
    "isotonic": {
      "ece": 0.101432557696494,
      "flat_roi": 0.030597012434432757,
      "kelly_growth": 0.0596085675408907,
      "kelly_roi": -0.21803099244440455,
      "n_bets": 134.0,
      "nll": 1.2446377277374268
    },
    "none": {
      "ece": 0.06799972252310994,
      "flat_roi": -0.011323528254733366,
      "kelly_growth": 0.06934282108793192,
      "kelly_roi": -0.18594402186191736,
      "n_bets": 136.0,
      "nll": 1.0230854749679565
    },
    "temperature": {
      "ece": 0.06920600271670618,
      "flat_roi": -0.03957746398281044,
      "kelly_growth": 0.06965278038781171,
      "kelly_roi": -0.18550940915002082,
      "n_bets": 142.0,
      "nll": 1.0214933156967163
    }
  },
  "n_calib": 106,
  "n_eval": 107,
  "n_val_total": 213,
  "reason": "kept baseline: no method beats 'none' by +0.0005 growth while staying within 0.005 ECE",
  "selection": {
    "ece_margin": 0.005,
    "growth_margin": 0.0005
  },
  "temperature": 1.048924247614775,
  "winner": "none"
}