{
  "architecture": "tabtransformer",
  "league": "BL",
  "mask_coverage_eval": 1.0,
  "metrics": {
    "isotonic": {
      "ece": 0.0773393732659957,
      "flat_roi": 0.06037594142713045,
      "kelly_growth": 0.1549403554212083,
      "kelly_roi": 0.09888533381633137,
      "n_bets": 133.0,
      "nll": 1.7091575860977173
    },
    "none": {
      "ece": 0.06982382886550005,
      "flat_roi": 0.11690648339635176,
      "kelly_growth": 0.13888571823070592,
      "kelly_roi": 0.0571417909025656,
      "n_bets": 139.0,
      "nll": 1.1055861711502075
    },
    "temperature": {
      "ece": 0.048922174818375554,
      "flat_roi": 0.12418440555004363,
      "kelly_growth": 0.13829256184399127,
      "kelly_roi": 0.05110041101534526,
      "n_bets": 141.0,
      "nll": 1.1031770706176758
    }
  },
  "n_calib": 84,
  "n_eval": 85,
  "n_val_total": 169,
  "reason": "kept baseline: no method beats 'none' by +0.0005 growth while staying within 0.005 ECE",
  "selection": {
    "ece_margin": 0.005,
    "growth_margin": 0.0005
  },
  "temperature": 1.1957849065629491,
  "winner": "none"
}