{
  "architecture": "tabtransformer",
  "league": "CH",
  "mask_coverage_eval": 1.0,
  "metrics": {
    "isotonic": {
      "ece": 0.051784793348432334,
      "flat_roi": 0.02854053716401796,
      "kelly_growth": 0.08320316074955286,
      "kelly_roi": 0.2326415712404601,
      "n_bets": 185.0,
      "nll": 1.199390172958374
    },
    "none": {
      "ece": 0.059091534442121875,
      "flat_roi": 0.038173516591389976,
      "kelly_growth": 0.10381213025594095,
      "kelly_roi": 0.09680622398008497,
      "n_bets": 219.0,
      "nll": 1.054187536239624
    },
    "temperature": {
      "ece": 0.045429058794705386,
      "flat_roi": 0.04360000014305115,
      "kelly_growth": 0.08243985042421136,
      "kelly_roi": 0.11201723549080973,
      "n_bets": 200.0,
      "nll": 1.0421637296676636
    }
  },
  "n_calib": 158,
  "n_eval": 159,
  "n_val_total": 317,
  "reason": "kept baseline: no method beats 'none' by +0.0005 growth while staying within 0.005 ECE",
  "selection": {
    "ece_margin": 0.005,
    "growth_margin": 0.0005
  },
  "temperature": 1.6232420367426867,
  "winner": "none"
}