{
  "per_language": [
    {
      "lang": "fr",
      "backend": "transformer",
      "backbone": "FacebookAI/xlm-roberta-base",
      "n_train": 14223,
      "n_val": 2505,
      "n_classes": 269,
      "metrics": {
        "n_val": 2505,
        "top1_accuracy": 0.493812375249501,
        "top3_accuracy": 0.5900199600798404,
        "macro_f1": 0.48030661583887674,
        "per_chapter_top1": {
          "general": 0.7282608695652174,
          "basics": 0.45526315789473687,
          "analysis": 0.48097826086956524,
          "strategy": 0.46236559139784944,
          "mistakes": 0.5136612021857924,
          "ai": 0.45989304812834225,
          "market": 0.4918918918918919,
          "profit": 0.5133689839572193,
          "platform": 0.47761194029850745,
          "__ood__": 0.0
        },
        "per_chapter_macro_f1": {
          "general": 0.5065616302655787,
          "basics": 0.3597769253884188,
          "analysis": 0.4206912475134982,
          "strategy": 0.3750396332590832,
          "mistakes": 0.43676601075212695,
          "ai": 0.3582072679774513,
          "market": 0.42802264687472563,
          "profit": 0.4156750711427741,
          "platform": 0.40395277991185913,
          "__ood__": 0.0
        },
        "per_intent_f1": {
          "__ood__": 0.0,
          "accuracy": 0.8888888888888888,
          "accuracy-fu": 1.0,
          "ai-algorithms": 0.7692307692307693,
          "ai-algorithms-fu": 0.0,
          "ai-apis": 1.0,
          "ai-apis-fu": 0.0,
          "ai-automate": 0.8235294117647058,
          "ai-automate-fu": 0.0,
          "ai-combine": 1.0,
          "ai-combine-fu": 0.0,
          "ai-dashboard": 1.0,
          "ai-dashboard-fu": 0.0,
          "ai-data": 0.8235294117647058,
          "ai-data-fu": 0.0,
          "ai-ensemble": 0.9,
          "ai-ensemble-fu": 0.07272727272727272,
          "ai-features": 1.0,
          "ai-features-fu": 0.0,
          "ai-history": 0.8421052631578947,
          "ai-history-fu": 0.0,
          "ai-how": 1.0,
          "ai-how-fu": 0.0,
          "ai-improve": 0.9473684210526315,
          "ai-improve-fu": 0.0,
          "ai-livedata": 0.8,
          "ai-livedata-fu": 0.13533834586466165,
          "ai-measure": 0.9,
          "ai-measure-fu": 0.0,
          "ai-ml": 0.9473684210526315,
          "ai-ml-fu": 0.07142857142857142,
          "ai-model": 1.0,
          "ai-model-fu": 0.0,
          "ai-oddsmodel": 0.8,
          "ai-oddsmodel-fu": 0.0,
          "ai-overfitting": 0.875,
          "ai-overfitting-fu": 0.0,
          "ai-realtime": 0.9523809523809523,
          "ai-realtime-fu": 0.0,
          "ai-reliability": 0.6666666666666666,
          "ai-reliability-fu": 0.0,
          "ai-valuebet": 1.0,
          "ai-valuebet-fu": 0.0,
          "analysis-bestleague": 1.0,
          "analysis-bestleague-fu": 0.0,
          "analysis-bttsgames": 0.8,
          "analysis-bttsgames-fu": 0.0,
          "analysis-coach": 0.8888888888888888,
          "analysis-coach-fu": 0.1111111111111111,
          "analysis-deffoff": 1.0,
          "analysis-deffoff-fu": 0.0,
          "analysis-draws": 0.9333333333333333,
          "analysis-draws-fu": 0.0,
          "analysis-form": 0.8235294117647058,
          "analysis-form-fu": 0.0,
          "analysis-goalstats": 1.0,
          "analysis-goalstats-fu": 0.0,
          "analysis-h2h": 1.0,
          "analysis-h2h-fu": 0.0,
          "analysis-homeaway": 0.9473684210526315,
          "analysis-homeaway-fu": 0.0,
          "analysis-howto": 1.0,
          "analysis-howto-fu": 0.0,
          "analysis-injuries": 1.0,
          "analysis-injuries-fu": 0.0,
          "analysis-lineups": 0.9411764705882353,
          "analysis-lineups-fu": 0.0,
          "analysis-motivation": 1.0,
          "analysis-motivation-fu": 0.0,
          "analysis-ougames": 1.0,
          "analysis-ougames-fu": 0.0,
          "analysis-stats": 0.9,
          "analysis-stats-fu": 0.0,
          "analysis-tempo": 0.9473684210526315,
          "analysis-tempo-fu": 0.0,
          "analysis-trapgames": 0.7058823529411765,
          "analysis-trapgames-fu": 0.0,
          "analysis-underdogs": 1.0,
          "analysis-underdogs-fu": 0.0,
          "analysis-weather": 1.0,
          "analysis-weather-fu": 0.0,
          "analysis-xg": 0.8571428571428571,
          "analysis-xg-fu": 0.0,
          "basics-1x2": 1.0,
          "basics-1x2-fu": 0.0,
          "basics-accumulator": 1.0,
          "basics-accumulator-fu": 0.0,
          "basics-asianhandicap": 0.9473684210526315,
          "basics-asianhandicap-fu": 0.0,
          "basics-bookie": 0.9411764705882353,
          "basics-bookie-fu": 0.0,
          "basics-bookiemoney": 0.9473684210526315,
          "basics-bookiemoney-fu": 0.0,
          "basics-btts": 0.8888888888888888,
          "basics-btts-fu": 0.0,
          "basics-cashout": 0.8,
          "basics-cashout-fu": 0.0,
          "basics-dnb": 0.9333333333333333,
          "basics-dnb-fu": 0.0,
          "basics-doublechance": 1.0,
          "basics-doublechance-fu": 0.0,
          "basics-handicap": 0.875,
          "basics-handicap-fu": 0.0,
          "basics-live": 0.9411764705882353,
          "basics-live-fu": 0.0,
          "basics-odds": 0.5625,
          "basics-odds-fu": 0.0,
          "basics-ou25": 1.0,
          "basics-ou25-fu": 0.0,
          "basics-overround": 1.0,
          "basics-overround-fu": 0.0,
          "basics-probability": 0.8,
          "basics-probability-fu": 0.0,
          "basics-single": 0.875,
          "basics-single-fu": 0.0,
          "basics-specials": 0.8571428571428571,
          "basics-specials-fu": 0.0,
          "basics-system": 0.9,
          "basics-system-fu": 0.0,
          "basics-valuebet": 0.75,
          "basics-valuebet-fu": 0.0891089108910891,
          "basics-winnings": 0.9473684210526315,
          "basics-winnings-fu": 0.0,
          "contact": 1.0,
          "contact-fu": 0.0,
          "cookies": 1.0,
          "cookies-fu": 0.0,
          "data-source": 0.8888888888888888,
          "data-source-fu": 0.9523809523809523,
          "kelly": 0.9411764705882353,
          "kelly-fu": 1.0,
          "language": 0.9411764705882353,
          "language-fu": 0.0,
          "market-bestbooks": 1.0,
          "market-bestbooks-fu": 0.0,
          "market-change": 0.6666666666666666,
          "market-change-fu": 0.13953488372093023,
          "market-clv": 0.8571428571428571,
          "market-clv-fu": 0.0,
          "market-compare": 1.0,
          "market-compare-fu": 0.0,
          "market-create": 0.8571428571428571,
          "market-create-fu": 0.0,
          "market-diffbooks": 0.9411764705882353,
          "market-diffbooks-fu": 0.0,
          "market-liquidity": 1.0,
          "market-liquidity-fu": 0.0,
          "market-movement": 0.8571428571428571,
          "market-movement-fu": 0.23684210526315788,
          "market-sharppublic": 1.0,
          "market-sharppublic-fu": 0.0,
          "market-valueOdds": 1.0,
          "market-valueOdds-fu": 0.0,
          "mistakes-accumulators": 0.9411764705882353,
          "mistakes-accumulators-fu": 0.0,
          "mistakes-beginner": 1.0,
          "mistakes-beginner-fu": 0.0,
          "mistakes-chasing": 1.0,
          "mistakes-chasing-fu": 0.0,
          "mistakes-emotions": 1.0,
          "mistakes-emotions-fu": 0.0,
          "mistakes-favteam": 1.0,
          "mistakes-favteam-fu": 0.0,
          "mistakes-losemoney": 0.9411764705882353,
          "mistakes-losemoney-fu": 0.0,
          "mistakes-nobankroll": 0.8333333333333334,
          "mistakes-nobankroll-fu": 0.0,
          "mistakes-overbetting": 1.0,
          "mistakes-overbetting-fu": 0.0,
          "mistakes-surebets": 1.0,
          "mistakes-surebets-fu": 0.0,
          "mistakes-tipsters": 0.9473684210526315,
          "mistakes-tipsters-fu": 0.16326530612244897,
          "pi-rating": 1.0,
          "pi-rating-fu": 0.32558139534883723,