{
  "per_language": [
    {
      "lang": "en",
      "backend": "embedding",
      "model_name": "intfloat/multilingual-e5-large-instruct",
      "n_train": 5599,
      "n_val": 940,
      "n_classes": 268,
      "metrics": {
        "n_val": 940,
        "top1_accuracy": 0.3478723404255319,
        "top3_accuracy": 0.5319148936170213,
        "macro_f1": 0.33395721381796667,
        "per_chapter_top1": {
          "general": 0.4423076923076923,
          "basics": 0.4121212121212121,
          "analysis": 0.25,
          "strategy": 0.35294117647058826,
          "mistakes": 0.35294117647058826,
          "ai": 0.35344827586206895,
          "market": 0.2898550724637681,
          "profit": 0.25,
          "platform": 0.36585365853658536
        }
      },
      "model_path": "C:\\Users\\Marcel\\source\\repos\\BettingwithAI\\models\\support\\support_emb_en.npz",
      "cluster_info": {
        "n_clusters": 80,
        "n_intents": 268,
        "mean_cluster_size": 3.35,
        "min_cluster_size": 1,
        "max_cluster_size": 21
      },
      "cluster_path": "C:\\Users\\Marcel\\source\\repos\\BettingwithAI\\models\\support\\support_clusters_en.npz",
      "metrics_cluster": {
        "n_val": 940,
        "top1_accuracy": 0.3851063829787234,
        "top3_accuracy": 0.4957446808510638,
        "macro_f1": 0.37415021306184154,
        "per_chapter_top1": {
          "general": 0.4423076923076923,
          "basics": 0.4484848484848485,
          "analysis": 0.33088235294117646,
          "strategy": 0.3897058823529412,
          "mistakes": 0.39705882352941174,
          "ai": 0.3793103448275862,
          "market": 0.2898550724637681,
          "profit": 0.296875,
          "platform": 0.4146341463414634
        }
      },
      "metrics_rerank": {
        "n_val": 940,
        "top1_accuracy": 0.35212765957446807,
        "top3_accuracy": 0.5404255319148936,
        "macro_f1": 0.3586956575762546,
        "per_chapter_top1": {
          "general": 0.4423076923076923,
          "basics": 0.3939393939393939,
          "analysis": 0.25735294117647056,
          "strategy": 0.36764705882352944,
          "mistakes": 0.38235294117647056,
          "ai": 0.3706896551724138,
          "market": 0.2898550724637681,
          "profit": 0.234375,
          "platform": 0.3780487804878049
        }
      },
      "reranker_model_name": "BAAI/bge-reranker-base",
      "metrics_rerank_cluster": {
        "n_val": 940,
        "top1_accuracy": 0.38085106382978723,
        "top3_accuracy": 0.502127659574468,
        "macro_f1": 0.37853265405943193,
        "per_chapter_top1": {
          "general": 0.4423076923076923,
          "basics": 0.4303030303030303,
          "analysis": 0.3382352941176471,
          "strategy": 0.39705882352941174,
          "mistakes": 0.38235294117647056,
          "ai": 0.39655172413793105,
          "market": 0.2753623188405797,
          "profit": 0.265625,
          "platform": 0.4024390243902439
        }
      }
    },
    {
      "lang": "de",
      "backend": "embedding",
      "model_name": "intfloat/multilingual-e5-large-instruct",
      "n_train": 5882,
      "n_val": 988,
      "n_classes": 268,
      "metrics": {
        "n_val": 988,
        "top1_accuracy": 0.3410931174089069,
        "top3_accuracy": 0.49696356275303644,
        "macro_f1": 0.3480202079447699,
        "per_chapter_top1": {
          "general": 0.3904761904761905,
          "basics": 0.3672316384180791,
          "analysis": 0.323943661971831,
          "strategy": 0.33093525179856115,
          "mistakes": 0.34285714285714286,
          "ai": 0.325,
          "market": 0.32857142857142857,
          "profit": 0.27941176470588236,
          "platform": 0.35051546391752575
        }
      },
      "model_path": "C:\\Users\\Marcel\\source\\repos\\BettingwithAI\\models\\support\\support_emb_de.npz",
      "cluster_info": {
        "n_clusters": 80,
        "n_intents": 268,
        "mean_cluster_size": 3.35,
        "min_cluster_size": 1,
        "max_cluster_size": 20
      },
      "cluster_path": "C:\\Users\\Marcel\\source\\repos\\BettingwithAI\\models\\support\\support_clusters_de.npz",
      "metrics_cluster": {
        "n_val": 988,
        "top1_accuracy": 0.3724696356275304,
        "top3_accuracy": 0.4625506072874494,
        "macro_f1": 0.3735208801363298,
        "per_chapter_top1": {
          "general": 0.3904761904761905,
          "basics": 0.4124293785310734,
          "analysis": 0.34507042253521125,
          "strategy": 0.3669064748201439,
          "mistakes": 0.38571428571428573,
          "ai": 0.36666666666666664,
          "market": 0.32857142857142857,
          "profit": 0.3235294117647059,
          "platform": 0.3917525773195876
        }
      },
      "metrics_rerank": {
        "n_val": 988,
        "top1_accuracy": 0.3390688259109312,
        "top3_accuracy": 0.5,
        "macro_f1": 0.35627898221181803,
        "per_chapter_top1": {
          "general": 0.42857142857142855,
          "basics": 0.3333333333333333,
          "analysis": 0.34507042253521125,
          "strategy": 0.31654676258992803,
          "mistakes": 0.34285714285714286,
          "ai": 0.325,
          "market": 0.3142857142857143,
          "profit": 0.27941176470588236,
          "platform": 0.35051546391752575
        }
      },
      "reranker_model_name": "BAAI/bge-reranker-base",
      "metrics_rerank_cluster": {
        "n_val": 988,
        "top1_accuracy": 0.3734817813765182,
        "top3_accuracy": 0.4665991902834008,
        "macro_f1": 0.38065080953579633,
        "per_chapter_top1": {
          "general": 0.4095238095238095,
          "basics": 0.384180790960452,
          "analysis": 0.3591549295774648,
          "strategy": 0.3597122302158273,
          "mistakes": 0.38571428571428573,
          "ai": 0.38333333333333336,
          "market": 0.32857142857142857,
          "profit": 0.3235294117647059,
          "platform": 0.4020618556701031
        }
      }
    },
    {
      "lang": "es",
      "backend": "embedding",
      "model_name": "intfloat/multilingual-e5-large-instruct",
      "n_train": 5119,
      "n_val": 850,
      "n_classes": 268,
      "metrics": {
        "n_val": 850,
        "top1_accuracy": 0.3270588235294118,
        "top3_accuracy": 0.5152941176470588,
        "macro_f1": 0.3074695723016618,
        "per_chapter_top1": {
          "general": 0.43434343434343436,
          "basics": 0.32571428571428573,
          "analysis": 0.25833333333333336,
          "strategy": 0.39823008849557523,
          "mistakes": 0.4166666666666667,
          "ai": 0.2857142857142857,
          "market": 0.2909090909090909,
          "profit": 0.2641509433962264,
          "platform": 0.24285714285714285
        }
      },
      "model_path": "C:\\Users\\Marcel\\source\\repos\\BettingwithAI\\models\\support\\support_emb_es.npz",
      "cluster_info": {
        "n_clusters": 80,
        "n_intents": 268,
        "mean_cluster_size": 3.35,
        "min_cluster_size": 1,
        "max_cluster_size": 21
      },
      "cluster_path": "C:\\Users\\Marcel\\source\\repos\\BettingwithAI\\models\\support\\support_clusters_es.npz",
      "metrics_cluster": {
        "n_val": 850,
        "top1_accuracy": 0.35058823529411764,
        "top3_accuracy": 0.4823529411764706,
        "macro_f1": 0.33197941337756964,
        "per_chapter_top1": {
          "general": 0.4444444444444444,
          "basics": 0.35428571428571426,
          "analysis": 0.275,
          "strategy": 0.415929203539823,
          "mistakes": 0.4666666666666667,
          "ai": 0.3238095238095238,
          "market": 0.3090909090909091,
          "profit": 0.2830188679245283,
          "platform": 0.2571428571428571
        }
      },
      "metrics_rerank": {
        "n_val": 850,
        "top1_accuracy": 0.33176470588235296,
        "top3_accuracy": 0.5223529411764706,
        "macro_f1": 0.3257062174972623,