{
  "per_language": [
    {
      "lang": "fr",
      "backend": "two_head_transformer",
      "backbone": "FacebookAI/xlm-roberta-base",
      "n_train": 14223,
      "n_val": 2505,
      "n_classes": 269,
      "n_chapters": 10,
      "loss_weights": {
        "intent_ce": 1.0,
        "chapter_ce": 0.3,
        "supcon": 0.3,
        "chapter_gate": 0.7
      },
      "metrics": {
        "n_val": 2505,
        "top1_accuracy": 0.518562874251497,
        "top3_accuracy": 0.5976047904191617,
        "macro_f1": 0.5106516242281958,
        "per_chapter_top1": {
          "general": 0.75,
          "basics": 0.4868421052631579,
          "analysis": 0.4945652173913043,
          "strategy": 0.48118279569892475,
          "mistakes": 0.5409836065573771,
          "ai": 0.4893048128342246,
          "market": 0.5081081081081081,
          "profit": 0.5401069518716578,
          "platform": 0.5149253731343284,
          "__ood__": 0.0
        },
        "per_chapter_macro_f1": {
          "general": 0.5986010516487297,
          "basics": 0.4140505766521634,
          "analysis": 0.4690890881492261,
          "strategy": 0.4329856374950875,
          "mistakes": 0.4770495233666589,
          "ai": 0.4333739772143098,
          "market": 0.44105749323140625,
          "profit": 0.4389022476752992,
          "platform": 0.44436472169512964,
          "__ood__": 0.0
        },
        "per_intent_f1": {
          "__ood__": 0.0,
          "accuracy": 0.9411764705882353,
          "accuracy-fu": 1.0,
          "ai-algorithms": 1.0,
          "ai-algorithms-fu": 0.06666666666666667,
          "ai-apis": 1.0,
          "ai-apis-fu": 0.0,
          "ai-automate": 0.9411764705882353,
          "ai-automate-fu": 0.09090909090909091,
          "ai-combine": 1.0,
          "ai-combine-fu": 0.0,
          "ai-dashboard": 1.0,
          "ai-dashboard-fu": 0.0,
          "ai-data": 0.9473684210526315,
          "ai-data-fu": 0.0,
          "ai-ensemble": 1.0,
          "ai-ensemble-fu": 0.0,
          "ai-features": 1.0,
          "ai-features-fu": 0.0,
          "ai-history": 0.9473684210526315,
          "ai-history-fu": 0.0,
          "ai-how": 1.0,
          "ai-how-fu": 0.0,
          "ai-improve": 0.9473684210526315,
          "ai-improve-fu": 0.0,
          "ai-livedata": 1.0,
          "ai-livedata-fu": 0.1016949152542373,
          "ai-measure": 1.0,
          "ai-measure-fu": 0.0,
          "ai-ml": 1.0,
          "ai-ml-fu": 0.05405405405405406,
          "ai-model": 1.0,
          "ai-model-fu": 0.0,
          "ai-oddsmodel": 0.6666666666666666,
          "ai-oddsmodel-fu": 0.0,
          "ai-overfitting": 1.0,
          "ai-overfitting-fu": 0.0,
          "ai-realtime": 0.9523809523809523,
          "ai-realtime-fu": 0.0,
          "ai-reliability": 0.9333333333333333,
          "ai-reliability-fu": 0.0,
          "ai-valuebet": 1.0,
          "ai-valuebet-fu": 0.0,
          "analysis-bestleague": 1.0,
          "analysis-bestleague-fu": 0.0,
          "analysis-bttsgames": 0.9411764705882353,
          "analysis-bttsgames-fu": 0.0,
          "analysis-coach": 0.9411764705882353,
          "analysis-coach-fu": 0.0,
          "analysis-deffoff": 1.0,
          "analysis-deffoff-fu": 0.0,
          "analysis-draws": 0.9411764705882353,
          "analysis-draws-fu": 0.0,
          "analysis-form": 0.9411764705882353,
          "analysis-form-fu": 0.0,
          "analysis-goalstats": 1.0,
          "analysis-goalstats-fu": 0.0,
          "analysis-h2h": 1.0,
          "analysis-h2h-fu": 0.0,
          "analysis-homeaway": 1.0,
          "analysis-homeaway-fu": 0.0,
          "analysis-howto": 0.9473684210526315,
          "analysis-howto-fu": 0.0782122905027933,
          "analysis-injuries": 1.0,
          "analysis-injuries-fu": 0.0,
          "analysis-lineups": 0.9411764705882353,
          "analysis-lineups-fu": 0.0,
          "analysis-motivation": 0.9,
          "analysis-motivation-fu": 0.0,
          "analysis-ougames": 1.0,
          "analysis-ougames-fu": 0.0,
          "analysis-stats": 0.9,
          "analysis-stats-fu": 0.0,
          "analysis-tempo": 1.0,
          "analysis-tempo-fu": 0.0,
          "analysis-trapgames": 1.0,
          "analysis-trapgames-fu": 0.0,
          "analysis-underdogs": 1.0,
          "analysis-underdogs-fu": 0.0,
          "analysis-weather": 1.0,
          "analysis-weather-fu": 0.0,
          "analysis-xg": 1.0,
          "analysis-xg-fu": 0.0,
          "basics-1x2": 1.0,
          "basics-1x2-fu": 0.0,
          "basics-accumulator": 0.9473684210526315,
          "basics-accumulator-fu": 0.0,
          "basics-asianhandicap": 1.0,
          "basics-asianhandicap-fu": 0.0,
          "basics-bookie": 1.0,
          "basics-bookie-fu": 0.0,
          "basics-bookiemoney": 0.9,
          "basics-bookiemoney-fu": 0.0,
          "basics-btts": 0.8888888888888888,
          "basics-btts-fu": 0.0,
          "basics-cashout": 1.0,
          "basics-cashout-fu": 0.0,
          "basics-dnb": 1.0,
          "basics-dnb-fu": 0.15384615384615385,
          "basics-doublechance": 1.0,
          "basics-doublechance-fu": 0.0,
          "basics-handicap": 0.875,
          "basics-handicap-fu": 0.0,
          "basics-live": 0.9473684210526315,
          "basics-live-fu": 0.0989010989010989,
          "basics-odds": 0.8,
          "basics-odds-fu": 0.0,
          "basics-ou25": 1.0,
          "basics-ou25-fu": 0.0,
          "basics-overround": 1.0,
          "basics-overround-fu": 0.0,
          "basics-probability": 0.9473684210526315,
          "basics-probability-fu": 0.0,
          "basics-single": 0.9411764705882353,
          "basics-single-fu": 0.0,
          "basics-specials": 0.9473684210526315,
          "basics-specials-fu": 0.0,
          "basics-system": 1.0,
          "basics-system-fu": 0.13333333333333333,
          "basics-valuebet": 1.0,
          "basics-valuebet-fu": 0.0,
          "basics-winnings": 0.9473684210526315,
          "basics-winnings-fu": 0.0,
          "contact": 0.9411764705882353,
          "contact-fu": 0.13333333333333333,
          "cookies": 1.0,
          "cookies-fu": 0.0,
          "data-source": 0.875,
          "data-source-fu": 1.0,
          "kelly": 0.9473684210526315,
          "kelly-fu": 0.9473684210526315,
          "language": 1.0,
          "language-fu": 0.28,
          "market-bestbooks": 1.0,
          "market-bestbooks-fu": 0.0,
          "market-change": 0.9333333333333333,
          "market-change-fu": 0.2,
          "market-clv": 1.0,
          "market-clv-fu": 0.0,
          "market-compare": 0.9411764705882353,
          "market-compare-fu": 0.0,
          "market-create": 0.75,
          "market-create-fu": 0.0,
          "market-diffbooks": 1.0,
          "market-diffbooks-fu": 0.0,
          "market-liquidity": 1.0,
          "market-liquidity-fu": 0.15384615384615385,
          "market-movement": 0.9,
          "market-movement-fu": 0.0,
          "market-sharppublic": 1.0,
          "market-sharppublic-fu": 0.0,
          "market-valueOdds": 0.9473684210526315,
          "market-valueOdds-fu": 0.0,
          "mistakes-accumulators": 1.0,
          "mistakes-accumulators-fu": 0.17391304347826086,
          "mistakes-beginner": 0.9411764705882353,
          "mistakes-beginner-fu": 0.0,
          "mistakes-chasing": 1.0,
          "mistakes-chasing-fu": 0.0,
          "mistakes-emotions": 1.0,
          "mistakes-emotions-fu": 0.0,
          "mistakes-favteam": 1.0,
          "mistakes-favteam-fu": 0.21333333333333335,
          "mistakes-losemoney": 0.9,
          "mistakes-losemoney-fu": 0.16666666666666666,
          "mistakes-nobankroll": 1.0,
          "mistakes-nobankroll-fu": 0.0,
          "mistakes-overbetting": 1.0,
          "mistakes-overbetting-fu": 0.0,
          "mistakes-surebets": 1.0,
          "mistakes-surebets-fu": 0.0,
          "mistakes-tipsters": 1.0,
          "mistakes-tipsters-fu": 0.0,
          "pi-rating": 1.0,