{
  "per_language": [
    {
      "lang": "en",
      "n_train": 5599,
      "n_val": 940,
      "n_classes": 268,
      "metrics": {
        "n_val": 940,
        "top1_accuracy": 0.3553191489361702,
        "top3_accuracy": 0.5425531914893617,
        "macro_f1": 0.3511343548656981,
        "per_chapter_top1": {
          "general": 0.46153846153846156,
          "basics": 0.4,
          "analysis": 0.2647058823529412,
          "strategy": 0.3602941176470588,
          "mistakes": 0.38235294117647056,
          "ai": 0.35344827586206895,
          "market": 0.2898550724637681,
          "profit": 0.28125,
          "platform": 0.36585365853658536
        }
      },
      "model_path": "C:\\Users\\Marcel\\source\\repos\\BettingwithAI\\models\\support\\support_intent_en.joblib"
    },
    {
      "lang": "de",
      "n_train": 5882,
      "n_val": 988,
      "n_classes": 268,
      "metrics": {
        "n_val": 988,
        "top1_accuracy": 0.3562753036437247,
        "top3_accuracy": 0.5050607287449392,
        "macro_f1": 0.3607543824334869,
        "per_chapter_top1": {
          "general": 0.42857142857142855,
          "basics": 0.3446327683615819,
          "analysis": 0.3873239436619718,
          "strategy": 0.34532374100719426,
          "mistakes": 0.35714285714285715,
          "ai": 0.3416666666666667,
          "market": 0.3142857142857143,
          "profit": 0.29411764705882354,
          "platform": 0.36082474226804123
        }
      },
      "model_path": "C:\\Users\\Marcel\\source\\repos\\BettingwithAI\\models\\support\\support_intent_de.joblib"
    },
    {
      "lang": "es",
      "n_train": 5119,
      "n_val": 850,
      "n_classes": 268,
      "metrics": {
        "n_val": 850,
        "top1_accuracy": 0.35411764705882354,
        "top3_accuracy": 0.5423529411764706,
        "macro_f1": 0.33233238569059464,
        "per_chapter_top1": {
          "general": 0.45454545454545453,
          "basics": 0.3485714285714286,
          "analysis": 0.3,
          "strategy": 0.415929203539823,
          "mistakes": 0.43333333333333335,
          "ai": 0.3238095238095238,
          "market": 0.2909090909090909,
          "profit": 0.2830188679245283,
          "platform": 0.3
        }
      },
      "model_path": "C:\\Users\\Marcel\\source\\repos\\BettingwithAI\\models\\support\\support_intent_es.joblib"
    },
    {
      "lang": "fr",
      "n_train": 5304,
      "n_val": 876,
      "n_classes": 268,
      "metrics": {
        "n_val": 876,
        "top1_accuracy": 0.3139269406392694,
        "top3_accuracy": 0.5034246575342466,
        "macro_f1": 0.3139347581806341,
        "per_chapter_top1": {
          "general": 0.42857142857142855,
          "basics": 0.2484472049689441,
          "analysis": 0.3115942028985507,
          "strategy": 0.29357798165137616,
          "mistakes": 0.3333333333333333,
          "ai": 0.3,
          "market": 0.3090909090909091,
          "profit": 0.4,
          "platform": 0.2676056338028169
        }
      },
      "model_path": "C:\\Users\\Marcel\\source\\repos\\BettingwithAI\\models\\support\\support_intent_fr.joblib"
    },
    {
      "lang": "it",
      "n_train": 5286,
      "n_val": 871,
      "n_classes": 268,
      "metrics": {
        "n_val": 871,
        "top1_accuracy": 0.32950631458094143,
        "top3_accuracy": 0.5154994259471871,
        "macro_f1": 0.322312658320121,
        "per_chapter_top1": {
          "general": 0.41237113402061853,
          "basics": 0.3313953488372093,
          "analysis": 0.26153846153846155,
          "strategy": 0.34210526315789475,
          "mistakes": 0.3793103448275862,
          "ai": 0.3302752293577982,
          "market": 0.3333333333333333,
          "profit": 0.34375,
          "platform": 0.2571428571428571
        }
      },
      "model_path": "C:\\Users\\Marcel\\source\\repos\\BettingwithAI\\models\\support\\support_intent_it.joblib"
    }
  ],
  "config_version": "0.3.1"
}