{
  "per_language": [
    {
      "lang": "es",
      "backend": "two_head_transformer",
      "backbone": "FacebookAI/xlm-roberta-base",
      "n_train": 14241,
      "n_val": 2506,
      "n_classes": 269,
      "n_chapters": 10,
      "loss_weights": {
        "intent_ce": 1.0,
        "chapter_ce": 0.3,
        "supcon": 0.3,
        "chapter_gate": 0.7
      },
      "metrics": {
        "n_val": 2506,
        "top1_accuracy": 0.5135674381484437,
        "top3_accuracy": 0.5917797286512371,
        "macro_f1": 0.5087796538853225,
        "per_chapter_top1": {
          "general": 0.75,
          "basics": 0.47580645161290325,
          "analysis": 0.4904109589041096,
          "strategy": 0.46965699208443273,
          "mistakes": 0.520618556701031,
          "ai": 0.48641304347826086,
          "market": 0.518324607329843,
          "profit": 0.5359116022099447,
          "platform": 0.5151515151515151,
          "__ood__": 0.0
        },
        "per_chapter_macro_f1": {
          "general": 0.6078862314156431,
          "basics": 0.4484069634866849,
          "analysis": 0.43152600170502986,
          "strategy": 0.3953305073716396,
          "mistakes": 0.49214352407629713,
          "ai": 0.43472897931102267,
          "market": 0.4895038988352437,
          "profit": 0.44268003812407136,
          "platform": 0.4764763341233929,
          "__ood__": 0.0
        },
        "per_intent_f1": {
          "__ood__": 0.0,
          "accuracy": 0.9411764705882353,
          "accuracy-fu": 1.0,
          "ai-algorithms": 1.0,
          "ai-algorithms-fu": 0.0,
          "ai-apis": 1.0,
          "ai-apis-fu": 0.0,
          "ai-automate": 1.0,
          "ai-automate-fu": 0.0,
          "ai-combine": 1.0,
          "ai-combine-fu": 0.0,
          "ai-dashboard": 0.9411764705882353,
          "ai-dashboard-fu": 0.0,
          "ai-data": 0.9411764705882353,
          "ai-data-fu": 0.0,
          "ai-ensemble": 1.0,
          "ai-ensemble-fu": 0.0,
          "ai-features": 1.0,
          "ai-features-fu": 0.0,
          "ai-history": 1.0,
          "ai-history-fu": 0.0,
          "ai-how": 1.0,
          "ai-how-fu": 0.0,
          "ai-improve": 0.9,
          "ai-improve-fu": 0.0,
          "ai-livedata": 1.0,
          "ai-livedata-fu": 0.0,
          "ai-measure": 0.9,
          "ai-measure-fu": 0.0,
          "ai-ml": 1.0,
          "ai-ml-fu": 0.09523809523809523,
          "ai-model": 1.0,
          "ai-model-fu": 0.0,
          "ai-oddsmodel": 0.8571428571428571,
          "ai-oddsmodel-fu": 0.0,
          "ai-overfitting": 0.875,
          "ai-overfitting-fu": 0.0,
          "ai-realtime": 1.0,
          "ai-realtime-fu": 0.0,
          "ai-reliability": 0.9,
          "ai-reliability-fu": 0.0,
          "ai-valuebet": 1.0,
          "ai-valuebet-fu": 0.0,
          "analysis-bestleague": 1.0,
          "analysis-bestleague-fu": 0.0,
          "analysis-bttsgames": 0.9333333333333333,
          "analysis-bttsgames-fu": 0.0,
          "analysis-coach": 0.9473684210526315,
          "analysis-coach-fu": 0.0,
          "analysis-deffoff": 0.9411764705882353,
          "analysis-deffoff-fu": 0.0,
          "analysis-draws": 0.9411764705882353,
          "analysis-draws-fu": 0.0,
          "analysis-form": 1.0,
          "analysis-form-fu": 0.0,
          "analysis-goalstats": 0.9523809523809523,
          "analysis-goalstats-fu": 0.0,
          "analysis-h2h": 1.0,
          "analysis-h2h-fu": 0.0,
          "analysis-homeaway": 0.9411764705882353,
          "analysis-homeaway-fu": 0.0,
          "analysis-howto": 1.0,
          "analysis-howto-fu": 0.08,
          "analysis-injuries": 1.0,
          "analysis-injuries-fu": 0.08,
          "analysis-lineups": 0.875,
          "analysis-lineups-fu": 0.0,
          "analysis-motivation": 0.9523809523809523,
          "analysis-motivation-fu": 0.0,
          "analysis-ougames": 1.0,
          "analysis-ougames-fu": 0.0,
          "analysis-stats": 1.0,
          "analysis-stats-fu": 0.0,
          "analysis-tempo": 1.0,
          "analysis-tempo-fu": 0.0,
          "analysis-trapgames": 1.0,
          "analysis-trapgames-fu": 0.0,
          "analysis-underdogs": 0.9333333333333333,
          "analysis-underdogs-fu": 0.125,
          "analysis-weather": 1.0,
          "analysis-weather-fu": 0.0,
          "analysis-xg": 1.0,
          "analysis-xg-fu": 0.0,
          "basics-1x2": 1.0,
          "basics-1x2-fu": 0.0,
          "basics-accumulator": 1.0,
          "basics-accumulator-fu": 0.041666666666666664,
          "basics-asianhandicap": 0.8235294117647058,
          "basics-asianhandicap-fu": 0.0,
          "basics-bookie": 1.0,
          "basics-bookie-fu": 0.10810810810810811,
          "basics-bookiemoney": 1.0,
          "basics-bookiemoney-fu": 0.0,
          "basics-btts": 0.9473684210526315,
          "basics-btts-fu": 0.0,
          "basics-cashout": 0.875,
          "basics-cashout-fu": 0.0,
          "basics-dnb": 1.0,
          "basics-dnb-fu": 0.0,
          "basics-doublechance": 0.9230769230769231,
          "basics-doublechance-fu": 0.0,
          "basics-handicap": 1.0,
          "basics-handicap-fu": 0.0,
          "basics-live": 1.0,
          "basics-live-fu": 0.0,
          "basics-odds": 1.0,
          "basics-odds-fu": 0.0,
          "basics-ou25": 1.0,
          "basics-ou25-fu": 0.0,
          "basics-overround": 0.9473684210526315,
          "basics-overround-fu": 0.07692307692307693,
          "basics-probability": 0.8888888888888888,
          "basics-probability-fu": 0.0,
          "basics-single": 0.9,
          "basics-single-fu": 0.0,
          "basics-specials": 0.9411764705882353,
          "basics-specials-fu": 0.064,
          "basics-system": 1.0,
          "basics-system-fu": 0.0,
          "basics-valuebet": 0.875,
          "basics-valuebet-fu": 0.0,
          "basics-winnings": 0.9090909090909091,
          "basics-winnings-fu": 0.0,
          "contact": 1.0,
          "contact-fu": 0.0,
          "cookies": 1.0,
          "cookies-fu": 0.23076923076923078,
          "data-source": 0.8888888888888888,
          "data-source-fu": 0.9523809523809523,
          "kelly": 0.9473684210526315,
          "kelly-fu": 1.0,
          "language": 1.0,
          "language-fu": 0.0,
          "market-bestbooks": 0.8,
          "market-bestbooks-fu": 0.2,
          "market-change": 0.9473684210526315,
          "market-change-fu": 0.0,
          "market-clv": 1.0,
          "market-clv-fu": 0.0,
          "market-compare": 0.8888888888888888,
          "market-compare-fu": 0.16666666666666666,
          "market-create": 0.9411764705882353,
          "market-create-fu": 0.0,
          "market-diffbooks": 0.8235294117647058,
          "market-diffbooks-fu": 0.0,
          "market-liquidity": 1.0,
          "market-liquidity-fu": 0.0,
          "market-movement": 1.0,
          "market-movement-fu": 0.11764705882352941,
          "market-sharppublic": 1.0,
          "market-sharppublic-fu": 0.0,
          "market-valueOdds": 1.0,
          "market-valueOdds-fu": 0.1951219512195122,
          "mistakes-accumulators": 1.0,
          "mistakes-accumulators-fu": 0.0,
          "mistakes-beginner": 0.8421052631578947,
          "mistakes-beginner-fu": 0.0,
          "mistakes-chasing": 1.0,
          "mistakes-chasing-fu": 0.0,
          "mistakes-emotions": 1.0,
          "mistakes-emotions-fu": 0.11764705882352941,
          "mistakes-favteam": 0.9523809523809523,
          "mistakes-favteam-fu": 0.13333333333333333,
          "mistakes-losemoney": 1.0,
          "mistakes-losemoney-fu": 0.0,
          "mistakes-nobankroll": 1.0,
          "mistakes-nobankroll-fu": 0.0,
          "mistakes-overbetting": 0.9473684210526315,
          "mistakes-overbetting-fu": 0.0,
          "mistakes-surebets": 0.9523809523809523,
          "mistakes-surebets-fu": 0.0,
          "mistakes-tipsters": 1.0,
          "mistakes-tipsters-fu": 0.14285714285714285,
          "pi-rating": 1.0,