{
  "per_language": [
    {
      "lang": "it",
      "backend": "two_head_transformer",
      "backbone": "FacebookAI/xlm-roberta-base",
      "n_train": 14064,
      "n_val": 2488,
      "n_classes": 269,
      "n_chapters": 10,
      "loss_weights": {
        "intent_ce": 1.0,
        "chapter_ce": 0.3,
        "supcon": 0.3,
        "chapter_gate": 0.7
      },
      "metrics": {
        "n_val": 2488,
        "top1_accuracy": 0.5152733118971061,
        "top3_accuracy": 0.5920418006430869,
        "macro_f1": 0.5097131800666042,
        "per_chapter_top1": {
          "general": 0.7553191489361702,
          "basics": 0.4725274725274725,
          "analysis": 0.49865951742627346,
          "strategy": 0.489247311827957,
          "mistakes": 0.5132275132275133,
          "ai": 0.48509485094850946,
          "market": 0.5159574468085106,
          "profit": 0.5136612021857924,
          "platform": 0.5155038759689923,
          "__ood__": 0.0
        },
        "per_chapter_macro_f1": {
          "general": 0.5816950176773168,
          "basics": 0.44544954725581326,
          "analysis": 0.4857327423355628,
          "strategy": 0.4624199330786391,
          "mistakes": 0.42348735028301593,
          "ai": 0.425238595702319,
          "market": 0.4291763827524137,
          "profit": 0.4405322860625815,
          "platform": 0.45113472096323526,
          "__ood__": 0.0
        },
        "per_intent_f1": {
          "__ood__": 0.0,
          "accuracy": 0.9,
          "accuracy-fu": 1.0,
          "ai-algorithms": 0.875,
          "ai-algorithms-fu": 0.0989010989010989,
          "ai-apis": 1.0,
          "ai-apis-fu": 0.0,
          "ai-automate": 1.0,
          "ai-automate-fu": 0.0,
          "ai-combine": 1.0,
          "ai-combine-fu": 0.0,
          "ai-dashboard": 1.0,
          "ai-dashboard-fu": 0.0,
          "ai-data": 0.9411764705882353,
          "ai-data-fu": 0.0,
          "ai-ensemble": 1.0,
          "ai-ensemble-fu": 0.0,
          "ai-features": 1.0,
          "ai-features-fu": 0.0,
          "ai-history": 1.0,
          "ai-history-fu": 0.0,
          "ai-how": 1.0,
          "ai-how-fu": 0.0,
          "ai-improve": 1.0,
          "ai-improve-fu": 0.0,
          "ai-livedata": 0.9411764705882353,
          "ai-livedata-fu": 0.1,
          "ai-measure": 1.0,
          "ai-measure-fu": 0.0,
          "ai-ml": 0.9473684210526315,
          "ai-ml-fu": 0.0,
          "ai-model": 1.0,
          "ai-model-fu": 0.0,
          "ai-oddsmodel": 1.0,
          "ai-oddsmodel-fu": 0.0,
          "ai-overfitting": 0.9411764705882353,
          "ai-overfitting-fu": 0.0,
          "ai-realtime": 0.875,
          "ai-realtime-fu": 0.0,
          "ai-reliability": 0.9,
          "ai-reliability-fu": 0.0,
          "ai-valuebet": 0.9411764705882353,
          "ai-valuebet-fu": 0.0,
          "analysis-bestleague": 1.0,
          "analysis-bestleague-fu": 0.0,
          "analysis-bttsgames": 1.0,
          "analysis-bttsgames-fu": 0.0,
          "analysis-coach": 1.0,
          "analysis-coach-fu": 0.0,
          "analysis-deffoff": 1.0,
          "analysis-deffoff-fu": 0.0,
          "analysis-draws": 1.0,
          "analysis-draws-fu": 0.0,
          "analysis-form": 1.0,
          "analysis-form-fu": 0.0,
          "analysis-goalstats": 0.9411764705882353,
          "analysis-goalstats-fu": 0.0,
          "analysis-h2h": 1.0,
          "analysis-h2h-fu": 0.0,
          "analysis-homeaway": 1.0,
          "analysis-homeaway-fu": 0.09302325581395349,
          "analysis-howto": 1.0,
          "analysis-howto-fu": 0.0,
          "analysis-injuries": 1.0,
          "analysis-injuries-fu": 0.0,
          "analysis-lineups": 0.9411764705882353,
          "analysis-lineups-fu": 0.0,
          "analysis-motivation": 1.0,
          "analysis-motivation-fu": 0.0975609756097561,
          "analysis-ougames": 1.0,
          "analysis-ougames-fu": 0.0,
          "analysis-stats": 0.8421052631578947,
          "analysis-stats-fu": 0.0,
          "analysis-tempo": 1.0,
          "analysis-tempo-fu": 0.0,
          "analysis-trapgames": 1.0,
          "analysis-trapgames-fu": 0.0,
          "analysis-underdogs": 0.9411764705882353,
          "analysis-underdogs-fu": 0.0,
          "analysis-weather": 0.9,
          "analysis-weather-fu": 0.0,
          "analysis-xg": 1.0,
          "analysis-xg-fu": 0.0,
          "basics-1x2": 1.0,
          "basics-1x2-fu": 0.0,
          "basics-accumulator": 0.9411764705882353,
          "basics-accumulator-fu": 0.056338028169014086,
          "basics-asianhandicap": 1.0,
          "basics-asianhandicap-fu": 0.0,
          "basics-bookie": 0.9411764705882353,
          "basics-bookie-fu": 0.0,
          "basics-bookiemoney": 1.0,
          "basics-bookiemoney-fu": 0.0,
          "basics-btts": 0.9411764705882353,
          "basics-btts-fu": 0.0,
          "basics-cashout": 1.0,
          "basics-cashout-fu": 0.1391304347826087,
          "basics-dnb": 0.9411764705882353,
          "basics-dnb-fu": 0.0,
          "basics-doublechance": 1.0,
          "basics-doublechance-fu": 0.0,
          "basics-handicap": 1.0,
          "basics-handicap-fu": 0.0,
          "basics-live": 0.7692307692307693,
          "basics-live-fu": 0.0,
          "basics-odds": 0.9473684210526315,
          "basics-odds-fu": 0.07692307692307693,
          "basics-ou25": 1.0,
          "basics-ou25-fu": 0.0,
          "basics-overround": 1.0,
          "basics-overround-fu": 0.0,
          "basics-probability": 1.0,
          "basics-probability-fu": 0.0,
          "basics-single": 0.875,
          "basics-single-fu": 0.0,
          "basics-specials": 1.0,
          "basics-specials-fu": 0.0,
          "basics-system": 1.0,
          "basics-system-fu": 0.0,
          "basics-valuebet": 0.75,
          "basics-valuebet-fu": 0.0,
          "basics-winnings": 1.0,
          "basics-winnings-fu": 0.0,
          "contact": 0.875,
          "contact-fu": 0.3111111111111111,
          "cookies": 1.0,
          "cookies-fu": 0.0,
          "data-source": 0.9411764705882353,
          "data-source-fu": 1.0,
          "kelly": 0.8181818181818182,
          "kelly-fu": 0.9523809523809523,
          "language": 0.9411764705882353,
          "language-fu": 0.2608695652173913,
          "market-bestbooks": 0.9473684210526315,
          "market-bestbooks-fu": 0.0,
          "market-change": 0.9,
          "market-change-fu": 0.0,
          "market-clv": 1.0,
          "market-clv-fu": 0.0,
          "market-compare": 1.0,
          "market-compare-fu": 0.0,
          "market-create": 0.875,
          "market-create-fu": 0.20618556701030927,
          "market-diffbooks": 1.0,
          "market-diffbooks-fu": 0.0,
          "market-liquidity": 1.0,
          "market-liquidity-fu": 0.14285714285714285,
          "market-movement": 0.875,
          "market-movement-fu": 0.14285714285714285,
          "market-sharppublic": 1.0,
          "market-sharppublic-fu": 0.0,
          "market-valueOdds": 1.0,
          "market-valueOdds-fu": 0.0,
          "mistakes-accumulators": 1.0,
          "mistakes-accumulators-fu": 0.0,
          "mistakes-beginner": 1.0,
          "mistakes-beginner-fu": 0.16,
          "mistakes-chasing": 0.9333333333333333,
          "mistakes-chasing-fu": 0.0,
          "mistakes-emotions": 1.0,
          "mistakes-emotions-fu": 0.0,
          "mistakes-favteam": 1.0,
          "mistakes-favteam-fu": 0.0,
          "mistakes-losemoney": 1.0,
          "mistakes-losemoney-fu": 0.0,
          "mistakes-nobankroll": 0.9473684210526315,
          "mistakes-nobankroll-fu": 0.0,
          "mistakes-overbetting": 0.9411764705882353,
          "mistakes-overbetting-fu": 0.0,
          "mistakes-surebets": 0.9473684210526315,
          "mistakes-surebets-fu": 0.18181818181818182,
          "mistakes-tipsters": 1.0,
          "mistakes-tipsters-fu": 0.0,
          "pi-rating": 1.0,
          "pi-rating-fu": 0.0,