{
  "per_language": [
    {
      "lang": "de",
      "backend": "two_head_transformer",
      "backbone": "FacebookAI/xlm-roberta-base",
      "n_train": 14000,
      "n_val": 2481,
      "n_classes": 269,
      "n_chapters": 10,
      "loss_weights": {
        "intent_ce": 1.0,
        "chapter_ce": 0.3,
        "supcon": 0.3,
        "chapter_gate": 0.7
      },
      "metrics": {
        "n_val": 2481,
        "top1_accuracy": 0.5203546956872229,
        "top3_accuracy": 0.5973397823458283,
        "macro_f1": 0.5111721241283398,
        "per_chapter_top1": {
          "general": 0.7650273224043715,
          "basics": 0.4659400544959128,
          "analysis": 0.5081521739130435,
          "strategy": 0.4826666666666667,
          "mistakes": 0.5347593582887701,
          "ai": 0.5040650406504065,
          "market": 0.546448087431694,
          "profit": 0.5224719101123596,
          "platform": 0.49812734082397003,
          "__ood__": 0.0
        },
        "per_chapter_macro_f1": {
          "general": 0.6636875574028239,
          "basics": 0.42830403896451363,
          "analysis": 0.4937118675999595,
          "strategy": 0.43902171449295074,
          "mistakes": 0.4832077160761211,
          "ai": 0.4675489866195399,
          "market": 0.446937005903157,
          "profit": 0.4197781048293486,
          "platform": 0.4166040461592274,
          "__ood__": 0.0
        },
        "per_intent_f1": {
          "__ood__": 0.0,
          "accuracy": 0.8888888888888888,
          "accuracy-fu": 1.0,
          "ai-algorithms": 0.9523809523809523,
          "ai-algorithms-fu": 0.0,
          "ai-apis": 1.0,
          "ai-apis-fu": 0.0,
          "ai-automate": 0.9333333333333333,
          "ai-automate-fu": 0.0,
          "ai-combine": 1.0,
          "ai-combine-fu": 0.0,
          "ai-dashboard": 0.9473684210526315,
          "ai-dashboard-fu": 0.0,
          "ai-data": 0.875,
          "ai-data-fu": 0.0,
          "ai-ensemble": 1.0,
          "ai-ensemble-fu": 0.0,
          "ai-features": 1.0,
          "ai-features-fu": 0.0,
          "ai-history": 1.0,
          "ai-history-fu": 0.09424083769633508,
          "ai-how": 0.9473684210526315,
          "ai-how-fu": 0.0,
          "ai-improve": 1.0,
          "ai-improve-fu": 0.0,
          "ai-livedata": 1.0,
          "ai-livedata-fu": 0.0,
          "ai-measure": 1.0,
          "ai-measure-fu": 0.0,
          "ai-ml": 1.0,
          "ai-ml-fu": 0.0,
          "ai-model": 0.9411764705882353,
          "ai-model-fu": 0.0,
          "ai-oddsmodel": 1.0,
          "ai-oddsmodel-fu": 0.0,
          "ai-overfitting": 1.0,
          "ai-overfitting-fu": 0.0,
          "ai-realtime": 0.8888888888888888,
          "ai-realtime-fu": 0.0,
          "ai-reliability": 0.9090909090909091,
          "ai-reliability-fu": 0.0,
          "ai-valuebet": 0.9473684210526315,
          "ai-valuebet-fu": 0.0,
          "analysis-bestleague": 1.0,
          "analysis-bestleague-fu": 0.0,
          "analysis-bttsgames": 1.0,
          "analysis-bttsgames-fu": 0.0,
          "analysis-coach": 1.0,
          "analysis-coach-fu": 0.0,
          "analysis-deffoff": 1.0,
          "analysis-deffoff-fu": 0.0,
          "analysis-draws": 1.0,
          "analysis-draws-fu": 0.0,
          "analysis-form": 1.0,
          "analysis-form-fu": 0.0,
          "analysis-goalstats": 1.0,
          "analysis-goalstats-fu": 0.0,
          "analysis-h2h": 1.0,
          "analysis-h2h-fu": 0.0,
          "analysis-homeaway": 1.0,
          "analysis-homeaway-fu": 0.10101010101010101,
          "analysis-howto": 1.0,
          "analysis-howto-fu": 0.0,
          "analysis-injuries": 0.9411764705882353,
          "analysis-injuries-fu": 0.0,
          "analysis-lineups": 1.0,
          "analysis-lineups-fu": 0.0,
          "analysis-motivation": 1.0,
          "analysis-motivation-fu": 0.0,
          "analysis-ougames": 1.0,
          "analysis-ougames-fu": 0.0,
          "analysis-stats": 1.0,
          "analysis-stats-fu": 0.0,
          "analysis-tempo": 1.0,
          "analysis-tempo-fu": 0.0,
          "analysis-trapgames": 1.0,
          "analysis-trapgames-fu": 0.2,
          "analysis-underdogs": 1.0,
          "analysis-underdogs-fu": 0.0,
          "analysis-weather": 0.9473684210526315,
          "analysis-weather-fu": 0.0,
          "analysis-xg": 1.0,
          "analysis-xg-fu": 0.0,
          "basics-1x2": 1.0,
          "basics-1x2-fu": 0.0,
          "basics-accumulator": 1.0,
          "basics-accumulator-fu": 0.0,
          "basics-asianhandicap": 1.0,
          "basics-asianhandicap-fu": 0.0,
          "basics-bookie": 1.0,
          "basics-bookie-fu": 0.0,
          "basics-bookiemoney": 0.8888888888888888,
          "basics-bookiemoney-fu": 0.0,
          "basics-btts": 0.9411764705882353,
          "basics-btts-fu": 0.0,
          "basics-cashout": 1.0,
          "basics-cashout-fu": 0.08333333333333333,
          "basics-dnb": 1.0,
          "basics-dnb-fu": 0.0,
          "basics-doublechance": 1.0,
          "basics-doublechance-fu": 0.0,
          "basics-handicap": 1.0,
          "basics-handicap-fu": 0.0,
          "basics-live": 0.9411764705882353,
          "basics-live-fu": 0.09411764705882353,
          "basics-odds": 0.8571428571428571,
          "basics-odds-fu": 0.0,
          "basics-ou25": 1.0,
          "basics-ou25-fu": 0.0,
          "basics-overround": 1.0,
          "basics-overround-fu": 0.0,
          "basics-probability": 0.75,
          "basics-probability-fu": 0.0,
          "basics-single": 1.0,
          "basics-single-fu": 0.0,
          "basics-specials": 0.9473684210526315,
          "basics-specials-fu": 0.0,
          "basics-system": 1.0,
          "basics-system-fu": 0.0,
          "basics-valuebet": 0.6666666666666666,
          "basics-valuebet-fu": 0.0,
          "basics-winnings": 0.9473684210526315,
          "basics-winnings-fu": 0.0,
          "contact": 0.9473684210526315,
          "contact-fu": 0.32,
          "cookies": 1.0,
          "cookies-fu": 0.0,
          "data-source": 0.9473684210526315,
          "data-source-fu": 0.9473684210526315,
          "kelly": 1.0,
          "kelly-fu": 1.0,
          "language": 1.0,
          "language-fu": 0.125,
          "market-bestbooks": 1.0,
          "market-bestbooks-fu": 0.0,
          "market-change": 0.9411764705882353,
          "market-change-fu": 0.1875,
          "market-clv": 1.0,
          "market-clv-fu": 0.0,
          "market-compare": 1.0,
          "market-compare-fu": 0.35294117647058826,
          "market-create": 0.8571428571428571,
          "market-create-fu": 0.15384615384615385,
          "market-diffbooks": 0.9,
          "market-diffbooks-fu": 0.06896551724137931,
          "market-liquidity": 1.0,
          "market-liquidity-fu": 0.0,
          "market-movement": 1.0,
          "market-movement-fu": 0.0,
          "market-sharppublic": 1.0,
          "market-sharppublic-fu": 0.0,
          "market-valueOdds": 1.0,
          "market-valueOdds-fu": 0.0,
          "mistakes-accumulators": 0.9,
          "mistakes-accumulators-fu": 0.0,
          "mistakes-beginner": 1.0,
          "mistakes-beginner-fu": 0.0,
          "mistakes-chasing": 1.0,
          "mistakes-chasing-fu": 0.0,
          "mistakes-emotions": 1.0,
          "mistakes-emotions-fu": 0.0,
          "mistakes-favteam": 1.0,
          "mistakes-favteam-fu": 0.20618556701030927,
          "mistakes-losemoney": 0.9473684210526315,
          "mistakes-losemoney-fu": 0.0,
          "mistakes-nobankroll": 0.9411764705882353,
          "mistakes-nobankroll-fu": 0.0,
          "mistakes-overbetting": 1.0,
          "mistakes-overbetting-fu": 0.0,
          "mistakes-surebets": 1.0,
          "mistakes-surebets-fu": 0.0,
          "mistakes-tipsters": 1.0,
          "mistakes-tipsters-fu": 0.0,
          "pi-rating": 1.0,
          "pi-rating-fu": 0.16666666666666666,
          "platform-alerts": 1.0,