{
  "per_language": [
    {
      "lang": "en",
      "backend": "two_head_transformer",
      "backbone": "FacebookAI/xlm-roberta-base",
      "n_train": 13988,
      "n_val": 2460,
      "n_classes": 269,
      "n_chapters": 10,
      "loss_weights": {
        "intent_ce": 1.0,
        "chapter_ce": 0.3,
        "supcon": 0.3,
        "chapter_gate": 0.7
      },
      "metrics": {
        "n_val": 2460,
        "top1_accuracy": 0.5146341463414634,
        "top3_accuracy": 0.5894308943089431,
        "macro_f1": 0.5135298903938367,
        "per_chapter_top1": {
          "general": 0.7845303867403315,
          "basics": 0.4628099173553719,
          "analysis": 0.4945054945054945,
          "strategy": 0.4918032786885246,
          "mistakes": 0.5132275132275133,
          "ai": 0.5041551246537396,
          "market": 0.4945652173913043,
          "profit": 0.5108695652173914,
          "platform": 0.5,
          "__ood__": 0.0
        },
        "per_chapter_macro_f1": {
          "general": 0.6878023936847467,
          "basics": 0.4583292690050831,
          "analysis": 0.4683994497181717,
          "strategy": 0.508592046675879,
          "mistakes": 0.5090474616008898,
          "ai": 0.4677030220121875,
          "market": 0.4673329219118985,
          "profit": 0.4050526891901369,
          "platform": 0.48947585031013907,
          "__ood__": 0.0
        },
        "per_intent_f1": {
          "__ood__": 0.0,
          "accuracy": 0.8888888888888888,
          "accuracy-fu": 1.0,
          "ai-algorithms": 1.0,
          "ai-algorithms-fu": 0.18181818181818182,
          "ai-apis": 1.0,
          "ai-apis-fu": 0.0,
          "ai-automate": 1.0,
          "ai-automate-fu": 0.0,
          "ai-combine": 0.9473684210526315,
          "ai-combine-fu": 0.0,
          "ai-dashboard": 1.0,
          "ai-dashboard-fu": 0.0,
          "ai-data": 0.9411764705882353,
          "ai-data-fu": 0.0,
          "ai-ensemble": 1.0,
          "ai-ensemble-fu": 0.0,
          "ai-features": 1.0,
          "ai-features-fu": 0.0,
          "ai-history": 1.0,
          "ai-history-fu": 0.0,
          "ai-how": 1.0,
          "ai-how-fu": 0.0,
          "ai-improve": 0.9411764705882353,
          "ai-improve-fu": 0.0,
          "ai-livedata": 1.0,
          "ai-livedata-fu": 0.0,
          "ai-measure": 1.0,
          "ai-measure-fu": 0.0,
          "ai-ml": 1.0,
          "ai-ml-fu": 0.10588235294117647,
          "ai-model": 1.0,
          "ai-model-fu": 0.0,
          "ai-oddsmodel": 1.0,
          "ai-oddsmodel-fu": 0.0,
          "ai-overfitting": 0.9411764705882353,
          "ai-overfitting-fu": 0.0,
          "ai-realtime": 1.0,
          "ai-realtime-fu": 0.0,
          "ai-reliability": 0.9473684210526315,
          "ai-reliability-fu": 0.0,
          "ai-valuebet": 1.0,
          "ai-valuebet-fu": 0.0,
          "analysis-bestleague": 1.0,
          "analysis-bestleague-fu": 0.0,
          "analysis-bttsgames": 0.9523809523809523,
          "analysis-bttsgames-fu": 0.0,
          "analysis-coach": 0.9473684210526315,
          "analysis-coach-fu": 0.0,
          "analysis-deffoff": 1.0,
          "analysis-deffoff-fu": 0.0,
          "analysis-draws": 1.0,
          "analysis-draws-fu": 0.0,
          "analysis-form": 0.9,
          "analysis-form-fu": 0.0,
          "analysis-goalstats": 1.0,
          "analysis-goalstats-fu": 0.0,
          "analysis-h2h": 1.0,
          "analysis-h2h-fu": 0.0,
          "analysis-homeaway": 1.0,
          "analysis-homeaway-fu": 0.0,
          "analysis-howto": 1.0,
          "analysis-howto-fu": 0.0,
          "analysis-injuries": 1.0,
          "analysis-injuries-fu": 0.0,
          "analysis-lineups": 0.7777777777777778,
          "analysis-lineups-fu": 0.0,
          "analysis-motivation": 0.9473684210526315,
          "analysis-motivation-fu": 0.041666666666666664,
          "analysis-ougames": 1.0,
          "analysis-ougames-fu": 0.08695652173913043,
          "analysis-stats": 0.8571428571428571,
          "analysis-stats-fu": 0.0,
          "analysis-tempo": 1.0,
          "analysis-tempo-fu": 0.0,
          "analysis-trapgames": 0.9473684210526315,
          "analysis-trapgames-fu": 0.08,
          "analysis-underdogs": 1.0,
          "analysis-underdogs-fu": 0.03636363636363636,
          "analysis-weather": 0.9473684210526315,
          "analysis-weather-fu": 0.0,
          "analysis-xg": 1.0,
          "analysis-xg-fu": 0.0,
          "basics-1x2": 1.0,
          "basics-1x2-fu": 0.0,
          "basics-accumulator": 1.0,
          "basics-accumulator-fu": 0.0,
          "basics-asianhandicap": 1.0,
          "basics-asianhandicap-fu": 0.0,
          "basics-bookie": 1.0,
          "basics-bookie-fu": 0.0,
          "basics-bookiemoney": 1.0,
          "basics-bookiemoney-fu": 0.0,
          "basics-btts": 1.0,
          "basics-btts-fu": 0.0,
          "basics-cashout": 1.0,
          "basics-cashout-fu": 0.08040201005025126,
          "basics-dnb": 1.0,
          "basics-dnb-fu": 0.0,
          "basics-doublechance": 0.9333333333333333,
          "basics-doublechance-fu": 0.18181818181818182,
          "basics-handicap": 1.0,
          "basics-handicap-fu": 0.0,
          "basics-live": 1.0,
          "basics-live-fu": 0.0,
          "basics-odds": 0.8888888888888888,
          "basics-odds-fu": 0.0,
          "basics-ou25": 1.0,
          "basics-ou25-fu": 0.0,
          "basics-overround": 1.0,
          "basics-overround-fu": 0.0,
          "basics-probability": 1.0,
          "basics-probability-fu": 0.0,
          "basics-single": 0.8571428571428571,
          "basics-single-fu": 0.0,
          "basics-specials": 1.0,
          "basics-specials-fu": 0.0,
          "basics-system": 0.8571428571428571,
          "basics-system-fu": 0.0,
          "basics-valuebet": 0.75,
          "basics-valuebet-fu": 0.0,
          "basics-winnings": 1.0,
          "basics-winnings-fu": 0.0,
          "contact": 1.0,
          "contact-fu": 0.0,
          "cookies": 1.0,
          "cookies-fu": 0.3333333333333333,
          "data-source": 1.0,
          "data-source-fu": 1.0,
          "kelly": 1.0,
          "kelly-fu": 1.0,
          "language": 1.0,
          "language-fu": 0.0,
          "market-bestbooks": 1.0,
          "market-bestbooks-fu": 0.0,
          "market-change": 1.0,
          "market-change-fu": 0.0,
          "market-clv": 1.0,
          "market-clv-fu": 0.0,
          "market-compare": 1.0,
          "market-compare-fu": 0.07407407407407407,
          "market-create": 0.8888888888888888,
          "market-create-fu": 0.19230769230769232,
          "market-diffbooks": 1.0,
          "market-diffbooks-fu": 0.0,
          "market-liquidity": 1.0,
          "market-liquidity-fu": 0.125,
          "market-movement": 1.0,
          "market-movement-fu": 0.0,
          "market-sharppublic": 1.0,
          "market-sharppublic-fu": 0.0,
          "market-valueOdds": 0.9473684210526315,
          "market-valueOdds-fu": 0.0,
          "mistakes-accumulators": 1.0,
          "mistakes-accumulators-fu": 0.17475728155339806,
          "mistakes-beginner": 1.0,
          "mistakes-beginner-fu": 0.0,
          "mistakes-chasing": 1.0,
          "mistakes-chasing-fu": 0.0,
          "mistakes-emotions": 1.0,
          "mistakes-emotions-fu": 0.0,
          "mistakes-favteam": 1.0,
          "mistakes-favteam-fu": 0.0,
          "mistakes-losemoney": 0.8571428571428571,
          "mistakes-losemoney-fu": 0.11764705882352941,
          "mistakes-nobankroll": 0.9411764705882353,
          "mistakes-nobankroll-fu": 0.0,
          "mistakes-overbetting": 0.9411764705882353,
          "mistakes-overbetting-fu": 0.0,
          "mistakes-surebets": 0.9473684210526315,
          "mistakes-surebets-fu": 0.0,
          "mistakes-tipsters": 0.9473684210526315,
          "mistakes-tipsters-fu": 0.0,
          "pi-rating": 1.0,
          "pi-rating-fu": 0.0,
          "platform-alerts": 1.0,