{
  "per_language": [
    {
      "lang": "de",
      "backend": "transformer",
      "backbone": "FacebookAI/xlm-roberta-base",
      "n_train": 14000,
      "n_val": 2481,
      "n_classes": 269,
      "metrics": {
        "n_val": 2481,
        "top1_accuracy": 0.49818621523579204,
        "top3_accuracy": 0.5908907698508666,
        "macro_f1": 0.4827693417223737,
        "per_chapter_top1": {
          "general": 0.7213114754098361,
          "basics": 0.4332425068119891,
          "analysis": 0.5027173913043478,
          "strategy": 0.45066666666666666,
          "mistakes": 0.5026737967914439,
          "ai": 0.4878048780487805,
          "market": 0.5245901639344263,
          "profit": 0.5056179775280899,
          "platform": 0.49063670411985016,
          "__ood__": 0.0
        },
        "per_chapter_macro_f1": {
          "general": 0.4760276231863169,
          "basics": 0.34994703406075767,
          "analysis": 0.45785823734129666,
          "strategy": 0.3885038037369693,
          "mistakes": 0.41938180695187277,
          "ai": 0.39322915097187994,
          "market": 0.358140756302521,
          "profit": 0.37420549645121753,
          "platform": 0.40426286861528604,
          "__ood__": 0.0
        },
        "per_intent_f1": {
          "__ood__": 0.0,
          "accuracy": 0.9411764705882353,
          "accuracy-fu": 0.9,
          "ai-algorithms": 0.9473684210526315,
          "ai-algorithms-fu": 0.0,
          "ai-apis": 1.0,
          "ai-apis-fu": 0.0,
          "ai-automate": 1.0,
          "ai-automate-fu": 0.0,
          "ai-combine": 0.9411764705882353,
          "ai-combine-fu": 0.0,
          "ai-dashboard": 1.0,
          "ai-dashboard-fu": 0.0,
          "ai-data": 0.8235294117647058,
          "ai-data-fu": 0.0,
          "ai-ensemble": 1.0,
          "ai-ensemble-fu": 0.0,
          "ai-features": 1.0,
          "ai-features-fu": 0.0,
          "ai-history": 1.0,
          "ai-history-fu": 0.0,
          "ai-how": 0.9473684210526315,
          "ai-how-fu": 0.0,
          "ai-improve": 0.9411764705882353,
          "ai-improve-fu": 0.0,
          "ai-livedata": 1.0,
          "ai-livedata-fu": 0.0,
          "ai-measure": 0.9523809523809523,
          "ai-measure-fu": 0.0,
          "ai-ml": 0.7777777777777778,
          "ai-ml-fu": 0.0,
          "ai-model": 1.0,
          "ai-model-fu": 0.0,
          "ai-oddsmodel": 1.0,
          "ai-oddsmodel-fu": 0.0,
          "ai-overfitting": 0.9411764705882353,
          "ai-overfitting-fu": 0.0,
          "ai-realtime": 0.9411764705882353,
          "ai-realtime-fu": 0.0,
          "ai-reliability": 0.8181818181818182,
          "ai-reliability-fu": 0.10362694300518134,
          "ai-valuebet": 0.8421052631578947,
          "ai-valuebet-fu": 0.0,
          "analysis-bestleague": 1.0,
          "analysis-bestleague-fu": 0.0,
          "analysis-bttsgames": 1.0,
          "analysis-bttsgames-fu": 0.0,
          "analysis-coach": 1.0,
          "analysis-coach-fu": 0.09248554913294797,
          "analysis-deffoff": 1.0,
          "analysis-deffoff-fu": 0.0,
          "analysis-draws": 0.9411764705882353,
          "analysis-draws-fu": 0.0,
          "analysis-form": 0.9411764705882353,
          "analysis-form-fu": 0.0,
          "analysis-goalstats": 1.0,
          "analysis-goalstats-fu": 0.0,
          "analysis-h2h": 1.0,
          "analysis-h2h-fu": 0.15384615384615385,
          "analysis-homeaway": 1.0,
          "analysis-homeaway-fu": 0.0,
          "analysis-howto": 1.0,
          "analysis-howto-fu": 0.0,
          "analysis-injuries": 0.9411764705882353,
          "analysis-injuries-fu": 0.0,
          "analysis-lineups": 1.0,
          "analysis-lineups-fu": 0.0,
          "analysis-motivation": 1.0,
          "analysis-motivation-fu": 0.0,
          "analysis-ougames": 0.9411764705882353,
          "analysis-ougames-fu": 0.0,
          "analysis-stats": 1.0,
          "analysis-stats-fu": 0.0,
          "analysis-tempo": 1.0,
          "analysis-tempo-fu": 0.0,
          "analysis-trapgames": 0.9411764705882353,
          "analysis-trapgames-fu": 0.0,
          "analysis-underdogs": 1.0,
          "analysis-underdogs-fu": 0.0,
          "analysis-weather": 0.9,
          "analysis-weather-fu": 0.1935483870967742,
          "analysis-xg": 0.9,
          "analysis-xg-fu": 0.0,
          "basics-1x2": 1.0,
          "basics-1x2-fu": 0.0,
          "basics-accumulator": 0.8421052631578947,
          "basics-accumulator-fu": 0.0,
          "basics-asianhandicap": 0.8571428571428571,
          "basics-asianhandicap-fu": 0.0,
          "basics-bookie": 1.0,
          "basics-bookie-fu": 0.14035087719298245,
          "basics-bookiemoney": 0.6666666666666666,
          "basics-bookiemoney-fu": 0.0,
          "basics-btts": 0.8888888888888888,
          "basics-btts-fu": 0.0,
          "basics-cashout": 1.0,
          "basics-cashout-fu": 0.0,
          "basics-dnb": 1.0,
          "basics-dnb-fu": 0.0,
          "basics-doublechance": 1.0,
          "basics-doublechance-fu": 0.0,
          "basics-handicap": 0.8235294117647058,
          "basics-handicap-fu": 0.0,
          "basics-live": 0.8571428571428571,
          "basics-live-fu": 0.0,
          "basics-odds": 0.7272727272727273,
          "basics-odds-fu": 0.0,
          "basics-ou25": 1.0,
          "basics-ou25-fu": 0.08053691275167785,
          "basics-overround": 1.0,
          "basics-overround-fu": 0.0,
          "basics-probability": 0.8,
          "basics-probability-fu": 0.0,
          "basics-single": 0.8421052631578947,
          "basics-single-fu": 0.0,
          "basics-specials": 0.8888888888888888,
          "basics-specials-fu": 0.0,
          "basics-system": 0.8888888888888888,
          "basics-system-fu": 0.0,
          "basics-valuebet": 0.3333333333333333,
          "basics-valuebet-fu": 0.0,
          "basics-winnings": 0.9473684210526315,
          "basics-winnings-fu": 0.0,
          "contact": 0.9473684210526315,
          "contact-fu": 0.0,
          "cookies": 0.9473684210526315,
          "cookies-fu": 0.0,
          "data-source": 0.9,
          "data-source-fu": 0.8888888888888888,
          "kelly": 1.0,
          "kelly-fu": 1.0,
          "language": 1.0,
          "language-fu": 0.0,
          "market-bestbooks": 1.0,
          "market-bestbooks-fu": 0.0,
          "market-change": 0.875,
          "market-change-fu": 0.21176470588235294,
          "market-clv": 0.9473684210526315,
          "market-clv-fu": 0.0,
          "market-compare": 0.9473684210526315,
          "market-compare-fu": 0.0,
          "market-create": 0.9,
          "market-create-fu": 0.0,
          "market-diffbooks": 0.8571428571428571,
          "market-diffbooks-fu": 0.0,
          "market-liquidity": 0.9473684210526315,
          "market-liquidity-fu": 0.0,
          "market-movement": 0.9411764705882353,
          "market-movement-fu": 0.0,
          "market-sharppublic": 1.0,
          "market-sharppublic-fu": 0.0,
          "market-valueOdds": 0.9473684210526315,
          "market-valueOdds-fu": 0.0,
          "mistakes-accumulators": 0.9411764705882353,
          "mistakes-accumulators-fu": 0.0,
          "mistakes-beginner": 0.8,
          "mistakes-beginner-fu": 0.0,
          "mistakes-chasing": 1.0,
          "mistakes-chasing-fu": 0.0,
          "mistakes-emotions": 0.875,
          "mistakes-emotions-fu": 0.0,
          "mistakes-favteam": 0.9090909090909091,
          "mistakes-favteam-fu": 0.18867924528301888,
          "mistakes-losemoney": 0.9,
          "mistakes-losemoney-fu": 0.0,
          "mistakes-nobankroll": 0.6923076923076923,
          "mistakes-nobankroll-fu": 0.0,
          "mistakes-overbetting": 0.9411764705882353,
          "mistakes-overbetting-fu": 0.0,
          "mistakes-surebets": 0.9,
          "mistakes-surebets-fu": 0.0,
          "mistakes-tipsters": 0.9523809523809523,
          "mistakes-tipsters-fu": 0.0,
          "pi-rating": 0.8333333333333334,