{
  "per_language": [
    {
      "lang": "fr",
      "backend": "transformer",
      "backbone": "FacebookAI/xlm-roberta-base",
      "n_train": 18250,
      "n_val": 3220,
      "n_classes": 269,
      "metrics": {
        "n_val": 3220,
        "top1_accuracy": 0.49782608695652175,
        "top3_accuracy": 0.5854037267080745,
        "macro_f1": 0.46188691654590036,
        "per_chapter_top1": {
          "general": 0.675,
          "basics": 0.46875,
          "analysis": 0.48333333333333334,
          "strategy": 0.5,
          "mistakes": 0.525,
          "ai": 0.47708333333333336,
          "market": 0.48333333333333334,
          "profit": 0.4791666666666667,
          "platform": 0.47023809523809523,
          "__ood__": 0.0
        },
        "per_chapter_macro_f1": {
          "general": 0.45224047845199783,
          "basics": 0.3431091998768737,
          "analysis": 0.3798488179765908,
          "strategy": 0.32590750737614493,
          "mistakes": 0.42862345384084516,
          "ai": 0.3344071059348868,
          "market": 0.3079056532527781,
          "profit": 0.2819863228558881,
          "platform": 0.28730351798986087,
          "__ood__": 0.0
        },
        "per_intent_f1": {
          "__ood__": 0.0,
          "accuracy": 0.8148148148148148,
          "accuracy-fu": 0.7368421052631579,
          "ai-algorithms": 0.96,
          "ai-algorithms-fu": 0.0,
          "ai-apis": 0.8461538461538461,
          "ai-apis-fu": 0.0,
          "ai-automate": 0.8181818181818182,
          "ai-automate-fu": 0.0,
          "ai-combine": 0.8,
          "ai-combine-fu": 0.0,
          "ai-dashboard": 0.8333333333333334,
          "ai-dashboard-fu": 0.0,
          "ai-data": 0.8571428571428571,
          "ai-data-fu": 0.0,
          "ai-ensemble": 0.9166666666666666,
          "ai-ensemble-fu": 0.0,
          "ai-features": 0.88,
          "ai-features-fu": 0.0,
          "ai-history": 0.9565217391304348,
          "ai-history-fu": 0.0,
          "ai-how": 1.0,
          "ai-how-fu": 0.0,
          "ai-improve": 0.8888888888888888,
          "ai-improve-fu": 0.0,
          "ai-livedata": 0.75,
          "ai-livedata-fu": 0.0,
          "ai-measure": 0.7586206896551724,
          "ai-measure-fu": 0.0,
          "ai-ml": 1.0,
          "ai-ml-fu": 0.26666666666666666,
          "ai-model": 0.8333333333333334,
          "ai-model-fu": 0.1016949152542373,
          "ai-oddsmodel": 1.0,
          "ai-oddsmodel-fu": 0.09580838323353294,
          "ai-overfitting": 0.96,
          "ai-overfitting-fu": 0.0,
          "ai-realtime": 0.9565217391304348,
          "ai-realtime-fu": 0.0,
          "ai-reliability": 0.88,
          "ai-reliability-fu": 0.0,
          "ai-valuebet": 0.7407407407407407,
          "ai-valuebet-fu": 0.0,
          "analysis-bestleague": 0.9565217391304348,
          "analysis-bestleague-fu": 0.0,
          "analysis-bttsgames": 0.9565217391304348,
          "analysis-bttsgames-fu": 0.0,
          "analysis-coach": 0.8695652173913043,
          "analysis-coach-fu": 0.0,
          "analysis-deffoff": 0.96,
          "analysis-deffoff-fu": 0.0,
          "analysis-draws": 1.0,
          "analysis-draws-fu": 0.0,
          "analysis-form": 0.9230769230769231,
          "analysis-form-fu": 0.0,
          "analysis-goalstats": 0.8571428571428571,
          "analysis-goalstats-fu": 0.0,
          "analysis-h2h": 0.9230769230769231,
          "analysis-h2h-fu": 0.0,
          "analysis-homeaway": 0.9565217391304348,
          "analysis-homeaway-fu": 0.0,
          "analysis-howto": 0.9230769230769231,
          "analysis-howto-fu": 0.0,
          "analysis-injuries": 0.96,
          "analysis-injuries-fu": 0.0,
          "analysis-lineups": 0.9565217391304348,
          "analysis-lineups-fu": 0.0,
          "analysis-motivation": 0.9166666666666666,
          "analysis-motivation-fu": 0.0,
          "analysis-ougames": 0.7692307692307693,
          "analysis-ougames-fu": 0.09009009009009009,
          "analysis-stats": 0.9230769230769231,
          "analysis-stats-fu": 0.0,
          "analysis-tempo": 1.0,
          "analysis-tempo-fu": 0.0,
          "analysis-trapgames": 0.8181818181818182,
          "analysis-trapgames-fu": 0.0,
          "analysis-underdogs": 0.9230769230769231,
          "analysis-underdogs-fu": 0.0,
          "analysis-weather": 0.8,
          "analysis-weather-fu": 0.0,
          "analysis-xg": 0.8461538461538461,
          "analysis-xg-fu": 0.0,
          "basics-1x2": 0.5625,
          "basics-1x2-fu": 0.0,
          "basics-accumulator": 0.8148148148148148,
          "basics-accumulator-fu": 0.0,
          "basics-asianhandicap": 0.8181818181818182,
          "basics-asianhandicap-fu": 0.0,
          "basics-bookie": 0.8571428571428571,
          "basics-bookie-fu": 0.0,
          "basics-bookiemoney": 0.8275862068965517,
          "basics-bookiemoney-fu": 0.0,
          "basics-btts": 0.8571428571428571,
          "basics-btts-fu": 0.0,
          "basics-cashout": 0.8461538461538461,
          "basics-cashout-fu": 0.07567567567567568,
          "basics-dnb": 0.8275862068965517,
          "basics-dnb-fu": 0.0,
          "basics-doublechance": 0.9230769230769231,
          "basics-doublechance-fu": 0.0,
          "basics-handicap": 0.8461538461538461,
          "basics-handicap-fu": 0.0,
          "basics-live": 0.88,
          "basics-live-fu": 0.0,
          "basics-odds": 0.6666666666666666,
          "basics-odds-fu": 0.0,
          "basics-ou25": 0.9166666666666666,
          "basics-ou25-fu": 0.0,
          "basics-overround": 0.782608695652174,
          "basics-overround-fu": 0.0,
          "basics-probability": 1.0,
          "basics-probability-fu": 0.0,
          "basics-single": 0.9230769230769231,
          "basics-single-fu": 0.0,
          "basics-specials": 0.96,
          "basics-specials-fu": 0.0,
          "basics-system": 1.0,
          "basics-system-fu": 0.0,
          "basics-valuebet": 0.8571428571428571,
          "basics-valuebet-fu": 0.0,
          "basics-winnings": 0.72,
          "basics-winnings-fu": 0.0,
          "contact": 0.96,
          "contact-fu": 0.3333333333333333,
          "cookies": 0.8333333333333334,
          "cookies-fu": 0.1111111111111111,
          "data-source": 0.8275862068965517,
          "data-source-fu": 0.9090909090909091,
          "kelly": 0.7741935483870968,
          "kelly-fu": 0.6,
          "language": 0.9090909090909091,
          "language-fu": 0.0,
          "market-bestbooks": 1.0,
          "market-bestbooks-fu": 0.14285714285714285,
          "market-change": 0.8888888888888888,
          "market-change-fu": 0.0,
          "market-clv": 0.8,
          "market-clv-fu": 0.0,
          "market-compare": 0.7857142857142857,
          "market-compare-fu": 0.0625,
          "market-create": 0.6956521739130435,
          "market-create-fu": 0.0,
          "market-diffbooks": 0.9230769230769231,
          "market-diffbooks-fu": 0.14285714285714285,
          "market-liquidity": 0.96,
          "market-liquidity-fu": 0.0,
          "market-movement": 0.8148148148148148,
          "market-movement-fu": 0.0,
          "market-sharppublic": 1.0,
          "market-sharppublic-fu": 0.0,
          "market-valueOdds": 0.5161290322580645,
          "market-valueOdds-fu": 0.17857142857142858,
          "mistakes-accumulators": 0.96,
          "mistakes-accumulators-fu": 0.15384615384615385,
          "mistakes-beginner": 1.0,
          "mistakes-beginner-fu": 0.0,
          "mistakes-chasing": 0.8888888888888888,
          "mistakes-chasing-fu": 0.0,
          "mistakes-emotions": 0.9166666666666666,
          "mistakes-emotions-fu": 0.17094017094017094,
          "mistakes-favteam": 0.96,
          "mistakes-favteam-fu": 0.0,
          "mistakes-losemoney": 0.9230769230769231,
          "mistakes-losemoney-fu": 0.0,
          "mistakes-nobankroll": 0.8571428571428571,
          "mistakes-nobankroll-fu": 0.0,
          "mistakes-overbetting": 0.96,