{
  "per_language": [
    {
      "lang": "it",
      "backend": "transformer",
      "backbone": "FacebookAI/xlm-roberta-base",
      "n_train": 14064,
      "n_val": 2488,
      "n_classes": 269,
      "metrics": {
        "n_val": 2488,
        "top1_accuracy": 0.49557877813504825,
        "top3_accuracy": 0.5880225080385852,
        "macro_f1": 0.4864517520496534,
        "per_chapter_top1": {
          "general": 0.7446808510638298,
          "basics": 0.4478021978021978,
          "analysis": 0.4879356568364611,
          "strategy": 0.47043010752688175,
          "mistakes": 0.48148148148148145,
          "ai": 0.46612466124661245,
          "market": 0.4787234042553192,
          "profit": 0.4972677595628415,
          "platform": 0.5,
          "__ood__": 0.0
        },
        "per_chapter_macro_f1": {
          "general": 0.5714422144762703,
          "basics": 0.38529585999857136,
          "analysis": 0.4190883138771686,
          "strategy": 0.3708160523395058,
          "mistakes": 0.353811448106008,
          "ai": 0.36990468478630617,
          "market": 0.3885647038388049,
          "profit": 0.40952055605204646,
          "platform": 0.4034186742009472,
          "__ood__": 0.0
        },
        "per_intent_f1": {
          "__ood__": 0.0,
          "accuracy": 0.9473684210526315,
          "accuracy-fu": 0.9090909090909091,
          "ai-algorithms": 0.875,
          "ai-algorithms-fu": 0.0,
          "ai-apis": 1.0,
          "ai-apis-fu": 0.0,
          "ai-automate": 0.9411764705882353,
          "ai-automate-fu": 0.0,
          "ai-combine": 1.0,
          "ai-combine-fu": 0.0,
          "ai-dashboard": 1.0,
          "ai-dashboard-fu": 0.0,
          "ai-data": 0.9411764705882353,
          "ai-data-fu": 0.0,
          "ai-ensemble": 1.0,
          "ai-ensemble-fu": 0.0,
          "ai-features": 1.0,
          "ai-features-fu": 0.0,
          "ai-history": 1.0,
          "ai-history-fu": 0.0,
          "ai-how": 0.9411764705882353,
          "ai-how-fu": 0.0,
          "ai-improve": 0.9411764705882353,
          "ai-improve-fu": 0.1095890410958904,
          "ai-livedata": 1.0,
          "ai-livedata-fu": 0.0,
          "ai-measure": 0.9411764705882353,
          "ai-measure-fu": 0.0,
          "ai-ml": 0.8235294117647058,
          "ai-ml-fu": 0.0,
          "ai-model": 0.9411764705882353,
          "ai-model-fu": 0.0,
          "ai-oddsmodel": 1.0,
          "ai-oddsmodel-fu": 0.10526315789473684,
          "ai-overfitting": 0.875,
          "ai-overfitting-fu": 0.0,
          "ai-realtime": 0.875,
          "ai-realtime-fu": 0.0,
          "ai-reliability": 0.8888888888888888,
          "ai-reliability-fu": 0.03571428571428571,
          "ai-valuebet": 0.8888888888888888,
          "ai-valuebet-fu": 0.0,
          "analysis-bestleague": 1.0,
          "analysis-bestleague-fu": 0.0,
          "analysis-bttsgames": 0.9473684210526315,
          "analysis-bttsgames-fu": 0.0,
          "analysis-coach": 0.9473684210526315,
          "analysis-coach-fu": 0.0,
          "analysis-deffoff": 1.0,
          "analysis-deffoff-fu": 0.0,
          "analysis-draws": 1.0,
          "analysis-draws-fu": 0.0,
          "analysis-form": 1.0,
          "analysis-form-fu": 0.0,
          "analysis-goalstats": 0.875,
          "analysis-goalstats-fu": 0.0,
          "analysis-h2h": 1.0,
          "analysis-h2h-fu": 0.09900990099009901,
          "analysis-homeaway": 1.0,
          "analysis-homeaway-fu": 0.0,
          "analysis-howto": 0.9,
          "analysis-howto-fu": 0.0,
          "analysis-injuries": 0.8,
          "analysis-injuries-fu": 0.0,
          "analysis-lineups": 0.875,
          "analysis-lineups-fu": 0.0,
          "analysis-motivation": 1.0,
          "analysis-motivation-fu": 0.18181818181818182,
          "analysis-ougames": 0.9411764705882353,
          "analysis-ougames-fu": 0.0,
          "analysis-stats": 0.8888888888888888,
          "analysis-stats-fu": 0.0,
          "analysis-tempo": 0.9,
          "analysis-tempo-fu": 0.0,
          "analysis-trapgames": 1.0,
          "analysis-trapgames-fu": 0.0,
          "analysis-underdogs": 1.0,
          "analysis-underdogs-fu": 0.0,
          "analysis-weather": 0.9,
          "analysis-weather-fu": 0.0,
          "analysis-xg": 0.8888888888888888,
          "analysis-xg-fu": 0.0,
          "basics-1x2": 0.9473684210526315,
          "basics-1x2-fu": 0.0,
          "basics-accumulator": 0.9411764705882353,
          "basics-accumulator-fu": 0.0,
          "basics-asianhandicap": 1.0,
          "basics-asianhandicap-fu": 0.0,
          "basics-bookie": 0.9411764705882353,
          "basics-bookie-fu": 0.0,
          "basics-bookiemoney": 0.9333333333333333,
          "basics-bookiemoney-fu": 0.0,
          "basics-btts": 1.0,
          "basics-btts-fu": 0.0,
          "basics-cashout": 0.9333333333333333,
          "basics-cashout-fu": 0.0,
          "basics-dnb": 0.9411764705882353,
          "basics-dnb-fu": 0.0,
          "basics-doublechance": 0.9333333333333333,
          "basics-doublechance-fu": 0.0,
          "basics-handicap": 1.0,
          "basics-handicap-fu": 0.0,
          "basics-live": 0.7692307692307693,
          "basics-live-fu": 0.0,
          "basics-odds": 0.8571428571428571,
          "basics-odds-fu": 0.0,
          "basics-ou25": 1.0,
          "basics-ou25-fu": 0.0,
          "basics-overround": 1.0,
          "basics-overround-fu": 0.0,
          "basics-probability": 0.875,
          "basics-probability-fu": 0.0,
          "basics-single": 0.7777777777777778,
          "basics-single-fu": 0.0,
          "basics-specials": 1.0,
          "basics-specials-fu": 0.0,
          "basics-system": 1.0,
          "basics-system-fu": 0.0,
          "basics-valuebet": 0.8,
          "basics-valuebet-fu": 0.11320754716981132,
          "basics-winnings": 0.875,
          "basics-winnings-fu": 0.0,
          "contact": 0.9,
          "contact-fu": 0.0,
          "cookies": 1.0,
          "cookies-fu": 0.0,
          "data-source": 0.9,
          "data-source-fu": 0.9473684210526315,
          "kelly": 0.8888888888888888,
          "kelly-fu": 0.9090909090909091,
          "language": 0.8888888888888888,
          "language-fu": 0.0,
          "market-bestbooks": 0.9473684210526315,
          "market-bestbooks-fu": 0.0,
          "market-change": 0.875,
          "market-change-fu": 0.0,
          "market-clv": 1.0,
          "market-clv-fu": 0.0,
          "market-compare": 1.0,
          "market-compare-fu": 0.0,
          "market-create": 0.9333333333333333,
          "market-create-fu": 0.0,
          "market-diffbooks": 0.9473684210526315,
          "market-diffbooks-fu": 0.0,
          "market-liquidity": 1.0,
          "market-liquidity-fu": 0.0,
          "market-movement": 0.8,
          "market-movement-fu": 0.15841584158415842,
          "market-sharppublic": 0.9473684210526315,
          "market-sharppublic-fu": 0.0,
          "market-valueOdds": 0.8421052631578947,
          "market-valueOdds-fu": 0.0,
          "mistakes-accumulators": 0.9523809523809523,
          "mistakes-accumulators-fu": 0.0,
          "mistakes-beginner": 1.0,
          "mistakes-beginner-fu": 0.16161616161616163,
          "mistakes-chasing": 1.0,
          "mistakes-chasing-fu": 0.0,
          "mistakes-emotions": 0.9333333333333333,
          "mistakes-emotions-fu": 0.0,
          "mistakes-favteam": 0.9523809523809523,
          "mistakes-favteam-fu": 0.0,
          "mistakes-losemoney": 0.8571428571428571,
          "mistakes-losemoney-fu": 0.0,
          "mistakes-nobankroll": 0.6153846153846154,
          "mistakes-nobankroll-fu": 0.0,
          "mistakes-overbetting": 0.8,
          "mistakes-overbetting-fu": 0.0,
          "mistakes-surebets": 0.9473684210526315,
          "mistakes-surebets-fu": 0.0,
          "mistakes-tipsters": 1.0,
          "mistakes-tipsters-fu": 0.0,
          "pi-rating": 0.9333333333333333,