{
  "per_language": [
    {
      "lang": "en",
      "backend": "embedding",
      "model_name": "intfloat/multilingual-e5-large-instruct",
      "n_train": 5599,
      "n_val": 940,
      "n_classes": 268,
      "metrics": {
        "n_val": 940,
        "top1_accuracy": 0.3478723404255319,
        "top3_accuracy": 0.5319148936170213,
        "macro_f1": 0.33395721381796667,
        "per_chapter_top1": {
          "general": 0.4423076923076923,
          "basics": 0.4121212121212121,
          "analysis": 0.25,
          "strategy": 0.35294117647058826,
          "mistakes": 0.35294117647058826,
          "ai": 0.35344827586206895,
          "market": 0.2898550724637681,
          "profit": 0.25,
          "platform": 0.36585365853658536
        }
      },
      "model_path": "C:\\Users\\Marcel\\source\\repos\\BettingwithAI\\models\\support\\support_emb_en.npz"
    },
    {
      "lang": "de",
      "backend": "embedding",
      "model_name": "intfloat/multilingual-e5-large-instruct",
      "n_train": 5882,
      "n_val": 988,
      "n_classes": 268,
      "metrics": {
        "n_val": 988,
        "top1_accuracy": 0.3410931174089069,
        "top3_accuracy": 0.49696356275303644,
        "macro_f1": 0.3480202079447699,
        "per_chapter_top1": {
          "general": 0.3904761904761905,
          "basics": 0.3672316384180791,
          "analysis": 0.323943661971831,
          "strategy": 0.33093525179856115,
          "mistakes": 0.34285714285714286,
          "ai": 0.325,
          "market": 0.32857142857142857,
          "profit": 0.27941176470588236,
          "platform": 0.35051546391752575
        }
      },
      "model_path": "C:\\Users\\Marcel\\source\\repos\\BettingwithAI\\models\\support\\support_emb_de.npz"
    },
    {
      "lang": "es",
      "backend": "embedding",
      "model_name": "intfloat/multilingual-e5-large-instruct",
      "n_train": 5119,
      "n_val": 850,
      "n_classes": 268,
      "metrics": {
        "n_val": 850,
        "top1_accuracy": 0.3270588235294118,
        "top3_accuracy": 0.5152941176470588,
        "macro_f1": 0.3074695723016618,
        "per_chapter_top1": {
          "general": 0.43434343434343436,
          "basics": 0.32571428571428573,
          "analysis": 0.25833333333333336,
          "strategy": 0.39823008849557523,
          "mistakes": 0.4166666666666667,
          "ai": 0.2857142857142857,
          "market": 0.2909090909090909,
          "profit": 0.2641509433962264,
          "platform": 0.24285714285714285
        }
      },
      "model_path": "C:\\Users\\Marcel\\source\\repos\\BettingwithAI\\models\\support\\support_emb_es.npz"
    },
    {
      "lang": "fr",
      "backend": "embedding",
      "model_name": "intfloat/multilingual-e5-large-instruct",
      "n_train": 5304,
      "n_val": 876,
      "n_classes": 268,
      "metrics": {
        "n_val": 876,
        "top1_accuracy": 0.2865296803652968,
        "top3_accuracy": 0.4726027397260274,
        "macro_f1": 0.29189160756324933,
        "per_chapter_top1": {
          "general": 0.3979591836734694,
          "basics": 0.2484472049689441,
          "analysis": 0.2826086956521739,
          "strategy": 0.23853211009174313,
          "mistakes": 0.30434782608695654,
          "ai": 0.2636363636363636,
          "market": 0.3090909090909091,
          "profit": 0.3230769230769231,
          "platform": 0.2676056338028169
        }
      },
      "model_path": "C:\\Users\\Marcel\\source\\repos\\BettingwithAI\\models\\support\\support_emb_fr.npz"
    },
    {
      "lang": "it",
      "backend": "embedding",
      "model_name": "intfloat/multilingual-e5-large-instruct",
      "n_train": 5286,
      "n_val": 871,
      "n_classes": 268,
      "metrics": {
        "n_val": 871,
        "top1_accuracy": 0.30539609644087257,
        "top3_accuracy": 0.4936854190585534,
        "macro_f1": 0.29963392488922735,
        "per_chapter_top1": {
          "general": 0.38144329896907214,
          "basics": 0.3081395348837209,
          "analysis": 0.23846153846153847,
          "strategy": 0.30701754385964913,
          "mistakes": 0.3620689655172414,
          "ai": 0.3211009174311927,
          "market": 0.3157894736842105,
          "profit": 0.3125,
          "platform": 0.22857142857142856
        }
      },
      "model_path": "C:\\Users\\Marcel\\source\\repos\\BettingwithAI\\models\\support\\support_emb_it.npz"
    }
  ],
  "backend": "embedding",
  "model_name": "intfloat/multilingual-e5-large-instruct",
  "config_version": "0.3.1"
}