{
  "per_language": [
    {
      "lang": "en",
      "backend": "transformer",
      "backbone": "FacebookAI/xlm-roberta-base",
      "n_train": 13988,
      "n_val": 2460,
      "n_classes": 269,
      "metrics": {
        "n_val": 2460,
        "top1_accuracy": 0.49065040650406505,
        "top3_accuracy": 0.591869918699187,
        "macro_f1": 0.4830464023444714,
        "per_chapter_top1": {
          "general": 0.7237569060773481,
          "basics": 0.4297520661157025,
          "analysis": 0.489010989010989,
          "strategy": 0.44808743169398907,
          "mistakes": 0.5026455026455027,
          "ai": 0.47645429362880887,
          "market": 0.45108695652173914,
          "profit": 0.5108695652173914,
          "platform": 0.5075757575757576,
          "__ood__": 0.0
        },
        "per_chapter_macro_f1": {
          "general": 0.5579183252248268,
          "basics": 0.37103549065313773,
          "analysis": 0.44354655448243874,
          "strategy": 0.4177664746292197,
          "mistakes": 0.45937074139200557,
          "ai": 0.41196402440629604,
          "market": 0.35890607930081614,
          "profit": 0.39663129285064724,
          "platform": 0.48513227741573517,
          "__ood__": 0.0
        },
        "per_intent_f1": {
          "__ood__": 0.0,
          "accuracy": 0.7619047619047619,
          "accuracy-fu": 1.0,
          "ai-algorithms": 0.9523809523809523,
          "ai-algorithms-fu": 0.0,
          "ai-apis": 0.9473684210526315,
          "ai-apis-fu": 0.0,
          "ai-automate": 0.9411764705882353,
          "ai-automate-fu": 0.3333333333333333,
          "ai-combine": 0.9473684210526315,
          "ai-combine-fu": 0.0,
          "ai-dashboard": 1.0,
          "ai-dashboard-fu": 0.0,
          "ai-data": 1.0,
          "ai-data-fu": 0.0,
          "ai-ensemble": 1.0,
          "ai-ensemble-fu": 0.0,
          "ai-features": 1.0,
          "ai-features-fu": 0.0,
          "ai-history": 1.0,
          "ai-history-fu": 0.0,
          "ai-how": 0.875,
          "ai-how-fu": 0.0,
          "ai-improve": 0.875,
          "ai-improve-fu": 0.0,
          "ai-livedata": 0.9411764705882353,
          "ai-livedata-fu": 0.0,
          "ai-measure": 0.9411764705882353,
          "ai-measure-fu": 0.0,
          "ai-ml": 0.6153846153846154,
          "ai-ml-fu": 0.0,
          "ai-model": 0.9230769230769231,
          "ai-model-fu": 0.0,
          "ai-oddsmodel": 1.0,
          "ai-oddsmodel-fu": 0.09424083769633508,
          "ai-overfitting": 0.9411764705882353,
          "ai-overfitting-fu": 0.0,
          "ai-realtime": 1.0,
          "ai-realtime-fu": 0.18181818181818182,
          "ai-reliability": 0.75,
          "ai-reliability-fu": 0.0,
          "ai-valuebet": 0.9411764705882353,
          "ai-valuebet-fu": 0.0,
          "analysis-bestleague": 1.0,
          "analysis-bestleague-fu": 0.0,
          "analysis-bttsgames": 0.9,
          "analysis-bttsgames-fu": 0.0,
          "analysis-coach": 0.9,
          "analysis-coach-fu": 0.0,
          "analysis-deffoff": 1.0,
          "analysis-deffoff-fu": 0.0,
          "analysis-draws": 0.9333333333333333,
          "analysis-draws-fu": 0.0975609756097561,
          "analysis-form": 0.9473684210526315,
          "analysis-form-fu": 0.0,
          "analysis-goalstats": 1.0,
          "analysis-goalstats-fu": 0.05063291139240506,
          "analysis-h2h": 1.0,
          "analysis-h2h-fu": 0.0,
          "analysis-homeaway": 0.9411764705882353,
          "analysis-homeaway-fu": 0.0,
          "analysis-howto": 0.9473684210526315,
          "analysis-howto-fu": 0.0,
          "analysis-injuries": 0.8888888888888888,
          "analysis-injuries-fu": 0.0,
          "analysis-lineups": 0.9411764705882353,
          "analysis-lineups-fu": 0.0,
          "analysis-motivation": 0.9473684210526315,
          "analysis-motivation-fu": 0.0,
          "analysis-ougames": 1.0,
          "analysis-ougames-fu": 0.0,
          "analysis-stats": 0.8333333333333334,
          "analysis-stats-fu": 0.0,
          "analysis-tempo": 1.0,
          "analysis-tempo-fu": 0.0,
          "analysis-trapgames": 0.9473684210526315,
          "analysis-trapgames-fu": 0.04081632653061224,
          "analysis-underdogs": 1.0,
          "analysis-underdogs-fu": 0.0,
          "analysis-weather": 1.0,
          "analysis-weather-fu": 0.0,
          "analysis-xg": 1.0,
          "analysis-xg-fu": 0.0,
          "basics-1x2": 1.0,
          "basics-1x2-fu": 0.0,
          "basics-accumulator": 0.9473684210526315,
          "basics-accumulator-fu": 0.25,
          "basics-asianhandicap": 1.0,
          "basics-asianhandicap-fu": 0.0,
          "basics-bookie": 0.9411764705882353,
          "basics-bookie-fu": 0.0,
          "basics-bookiemoney": 0.7692307692307693,
          "basics-bookiemoney-fu": 0.0,
          "basics-btts": 0.8888888888888888,
          "basics-btts-fu": 0.0,
          "basics-cashout": 0.9411764705882353,
          "basics-cashout-fu": 0.0962566844919786,
          "basics-dnb": 0.9333333333333333,
          "basics-dnb-fu": 0.0,
          "basics-doublechance": 0.7692307692307693,
          "basics-doublechance-fu": 0.0,
          "basics-handicap": 0.9411764705882353,
          "basics-handicap-fu": 0.0,
          "basics-live": 0.875,
          "basics-live-fu": 0.0,
          "basics-odds": 0.6666666666666666,
          "basics-odds-fu": 0.0,
          "basics-ou25": 1.0,
          "basics-ou25-fu": 0.0,
          "basics-overround": 1.0,
          "basics-overround-fu": 0.0,
          "basics-probability": 0.8421052631578947,
          "basics-probability-fu": 0.0,
          "basics-single": 0.6153846153846154,
          "basics-single-fu": 0.0,
          "basics-specials": 1.0,
          "basics-specials-fu": 0.0,
          "basics-system": 0.9230769230769231,
          "basics-system-fu": 0.0,
          "basics-valuebet": 0.6153846153846154,
          "basics-valuebet-fu": 0.0,
          "basics-winnings": 1.0,
          "basics-winnings-fu": 0.0,
          "contact": 0.9411764705882353,
          "contact-fu": 0.0,
          "cookies": 1.0,
          "cookies-fu": 0.3076923076923077,
          "data-source": 1.0,
          "data-source-fu": 1.0,
          "kelly": 0.9473684210526315,
          "kelly-fu": 0.9473684210526315,
          "language": 1.0,
          "language-fu": 0.0,
          "market-bestbooks": 0.875,
          "market-bestbooks-fu": 0.0,
          "market-change": 0.8571428571428571,
          "market-change-fu": 0.21052631578947367,
          "market-clv": 1.0,
          "market-clv-fu": 0.0,
          "market-compare": 1.0,
          "market-compare-fu": 0.0,
          "market-create": 0.46153846153846156,
          "market-create-fu": 0.0,
          "market-diffbooks": 1.0,
          "market-diffbooks-fu": 0.0,
          "market-liquidity": 0.9,
          "market-liquidity-fu": 0.0,
          "market-movement": 1.0,
          "market-movement-fu": 0.0,
          "market-sharppublic": 1.0,
          "market-sharppublic-fu": 0.0,
          "market-valueOdds": 0.8888888888888888,
          "market-valueOdds-fu": 0.0,
          "mistakes-accumulators": 0.8571428571428571,
          "mistakes-accumulators-fu": 0.20454545454545456,
          "mistakes-beginner": 1.0,
          "mistakes-beginner-fu": 0.0,
          "mistakes-chasing": 1.0,
          "mistakes-chasing-fu": 0.0,
          "mistakes-emotions": 0.9473684210526315,
          "mistakes-emotions-fu": 0.0,
          "mistakes-favteam": 0.9473684210526315,
          "mistakes-favteam-fu": 0.0,
          "mistakes-losemoney": 0.8421052631578947,
          "mistakes-losemoney-fu": 0.0,
          "mistakes-nobankroll": 0.7619047619047619,
          "mistakes-nobankroll-fu": 0.16666666666666666,
          "mistakes-overbetting": 0.9411764705882353,
          "mistakes-overbetting-fu": 0.0,
          "mistakes-surebets": 0.8888888888888888,
          "mistakes-surebets-fu": 0.06896551724137931,