{
  "per_language": [
    {
      "lang": "en",
      "backend": "transformer",
      "backbone": "FacebookAI/xlm-roberta-base",
      "n_train": 18250,
      "n_val": 3220,
      "n_classes": 269,
      "metrics": {
        "n_val": 3220,
        "top1_accuracy": 0.48478260869565215,
        "top3_accuracy": 0.5670807453416149,
        "macro_f1": 0.4505045166013245,
        "per_chapter_top1": {
          "general": 0.5958333333333333,
          "basics": 0.42291666666666666,
          "analysis": 0.4625,
          "strategy": 0.49166666666666664,
          "mistakes": 0.4875,
          "ai": 0.4875,
          "market": 0.5125,
          "profit": 0.49166666666666664,
          "platform": 0.49107142857142855,
          "__ood__": 0.0
        },
        "per_chapter_macro_f1": {
          "general": 0.30696866915409116,
          "basics": 0.25359109883927156,
          "analysis": 0.31634628637643253,
          "strategy": 0.33819454126475956,
          "mistakes": 0.34865053357806985,
          "ai": 0.32344838468026876,
          "market": 0.40934469547053504,
          "profit": 0.27977899228621117,
          "platform": 0.2964716164026739,
          "__ood__": 0.0
        },
        "per_intent_f1": {
          "__ood__": 0.0,
          "accuracy": 0.5,
          "accuracy-fu": 0.5555555555555556,
          "ai-algorithms": 0.96,
          "ai-algorithms-fu": 0.0,
          "ai-apis": 0.9166666666666666,
          "ai-apis-fu": 0.0,
          "ai-automate": 0.9166666666666666,
          "ai-automate-fu": 0.0,
          "ai-combine": 0.96,
          "ai-combine-fu": 0.0,
          "ai-dashboard": 0.96,
          "ai-dashboard-fu": 0.0,
          "ai-data": 0.8,
          "ai-data-fu": 0.0,
          "ai-ensemble": 0.7407407407407407,
          "ai-ensemble-fu": 0.0,
          "ai-features": 1.0,
          "ai-features-fu": 0.0,
          "ai-history": 0.8461538461538461,
          "ai-history-fu": 0.0,
          "ai-how": 0.7741935483870968,
          "ai-how-fu": 0.0,
          "ai-improve": 0.88,
          "ai-improve-fu": 0.0,
          "ai-livedata": 0.9565217391304348,
          "ai-livedata-fu": 0.0,
          "ai-measure": 0.8888888888888888,
          "ai-measure-fu": 0.0,
          "ai-ml": 0.96,
          "ai-ml-fu": 0.0,
          "ai-model": 0.8148148148148148,
          "ai-model-fu": 0.0,
          "ai-oddsmodel": 0.9565217391304348,
          "ai-oddsmodel-fu": 0.0,
          "ai-overfitting": 0.96,
          "ai-overfitting-fu": 0.125,
          "ai-realtime": 0.5333333333333333,
          "ai-realtime-fu": 0.0,
          "ai-reliability": 0.75,
          "ai-reliability-fu": 0.09142857142857143,
          "ai-valuebet": 0.96,
          "ai-valuebet-fu": 0.0,
          "analysis-bestleague": 0.8888888888888888,
          "analysis-bestleague-fu": 0.0,
          "analysis-bttsgames": 0.9230769230769231,
          "analysis-bttsgames-fu": 0.0,
          "analysis-coach": 0.782608695652174,
          "analysis-coach-fu": 0.0,
          "analysis-deffoff": 0.9230769230769231,
          "analysis-deffoff-fu": 0.0,
          "analysis-draws": 0.9230769230769231,
          "analysis-draws-fu": 0.0,
          "analysis-form": 0.8181818181818182,
          "analysis-form-fu": 0.0,
          "analysis-goalstats": 0.8181818181818182,
          "analysis-goalstats-fu": 0.0,
          "analysis-h2h": 1.0,
          "analysis-h2h-fu": 0.0,
          "analysis-homeaway": 0.4666666666666667,
          "analysis-homeaway-fu": 0.0,
          "analysis-howto": 0.9565217391304348,
          "analysis-howto-fu": 0.0,
          "analysis-injuries": 0.96,
          "analysis-injuries-fu": 0.0,
          "analysis-lineups": 0.6666666666666666,
          "analysis-lineups-fu": 0.0,
          "analysis-motivation": 0.7619047619047619,
          "analysis-motivation-fu": 0.0,
          "analysis-ougames": 0.96,
          "analysis-ougames-fu": 0.0,
          "analysis-stats": 0.8461538461538461,
          "analysis-stats-fu": 0.0,
          "analysis-tempo": 1.0,
          "analysis-tempo-fu": 0.0,
          "analysis-trapgames": 0.8333333333333334,
          "analysis-trapgames-fu": 0.0,
          "analysis-underdogs": 0.9230769230769231,
          "analysis-underdogs-fu": 0.0,
          "analysis-weather": 0.9230769230769231,
          "analysis-weather-fu": 0.0,
          "analysis-xg": 0.8,
          "analysis-xg-fu": 0.08849557522123894,
          "basics-1x2": 0.6153846153846154,
          "basics-1x2-fu": 0.0,
          "basics-accumulator": 0.8181818181818182,
          "basics-accumulator-fu": 0.0,
          "basics-asianhandicap": 0.782608695652174,
          "basics-asianhandicap-fu": 0.0,
          "basics-bookie": 0.6857142857142857,
          "basics-bookie-fu": 0.0,
          "basics-bookiemoney": 0.72,
          "basics-bookiemoney-fu": 0.0,
          "basics-btts": 0.8333333333333334,
          "basics-btts-fu": 0.07272727272727272,
          "basics-cashout": 0.631578947368421,
          "basics-cashout-fu": 0.05714285714285714,
          "basics-dnb": 0.7142857142857143,
          "basics-dnb-fu": 0.0,
          "basics-doublechance": 0.9090909090909091,
          "basics-doublechance-fu": 0.0,
          "basics-handicap": 0.8333333333333334,
          "basics-handicap-fu": 0.0,
          "basics-live": 0.7,
          "basics-live-fu": 0.0,
          "basics-odds": 0.6428571428571429,
          "basics-odds-fu": 0.0,
          "basics-ou25": 0.7407407407407407,
          "basics-ou25-fu": 0.0,
          "basics-overround": 0.6428571428571429,
          "basics-overround-fu": 0.0,
          "basics-probability": 0.9090909090909091,
          "basics-probability-fu": 0.14285714285714285,
          "basics-single": 0.88,
          "basics-single-fu": 0.0,
          "basics-specials": 0.8461538461538461,
          "basics-specials-fu": 0.0,
          "basics-system": 0.9230769230769231,
          "basics-system-fu": 0.03278688524590164,
          "basics-valuebet": 0.7,
          "basics-valuebet-fu": 0.0,
          "basics-winnings": 0.7142857142857143,
          "basics-winnings-fu": 0.0,
          "contact": 0.8571428571428571,
          "contact-fu": 0.0,
          "cookies": 0.8571428571428571,
          "cookies-fu": 0.2857142857142857,
          "data-source": 0.96,
          "data-source-fu": 0.9090909090909091,
          "kelly": 0.6956521739130435,
          "kelly-fu": 0.6666666666666666,
          "language": 0.96,
          "language-fu": 0.0,
          "market-bestbooks": 0.8571428571428571,
          "market-bestbooks-fu": 0.0,
          "market-change": 0.88,
          "market-change-fu": 0.12121212121212122,
          "market-clv": 0.9166666666666666,
          "market-clv-fu": 0.0,
          "market-compare": 0.9090909090909091,
          "market-compare-fu": 0.0,
          "market-create": 0.9565217391304348,
          "market-create-fu": 0.0,
          "market-diffbooks": 0.8888888888888888,
          "market-diffbooks-fu": 0.0,
          "market-liquidity": 0.88,
          "market-liquidity-fu": 0.0,
          "market-movement": 0.7741935483870968,
          "market-movement-fu": 0.17073170731707318,
          "market-sharppublic": 0.9565217391304348,
          "market-sharppublic-fu": 0.07407407407407407,
          "market-valueOdds": 0.75,
          "market-valueOdds-fu": 0.0,
          "mistakes-accumulators": 0.7586206896551724,
          "mistakes-accumulators-fu": 0.0,
          "mistakes-beginner": 1.0,
          "mistakes-beginner-fu": 0.0,
          "mistakes-chasing": 1.0,
          "mistakes-chasing-fu": 0.0,
          "mistakes-emotions": 0.9166666666666666,
          "mistakes-emotions-fu": 0.14545454545454545,
          "mistakes-favteam": 0.9090909090909091,
          "mistakes-favteam-fu": 0.0,
          "mistakes-losemoney": 0.8888888888888888,
          "mistakes-losemoney-fu": 0.0,
          "mistakes-nobankroll": 0.8,
          "mistakes-nobankroll-fu": 0.0,