{
  "per_language": [
    {
      "lang": "es",
      "backend": "transformer",
      "backbone": "FacebookAI/xlm-roberta-base",
      "n_train": 18250,
      "n_val": 3220,
      "n_classes": 269,
      "metrics": {
        "n_val": 3220,
        "top1_accuracy": 0.45217391304347826,
        "top3_accuracy": 0.5450310559006211,
        "macro_f1": 0.4141450119969807,
        "per_chapter_top1": {
          "general": 0.5458333333333333,
          "basics": 0.39166666666666666,
          "analysis": 0.45625,
          "strategy": 0.45416666666666666,
          "mistakes": 0.4791666666666667,
          "ai": 0.4625,
          "market": 0.49166666666666664,
          "profit": 0.44166666666666665,
          "platform": 0.41369047619047616,
          "__ood__": 0.0
        },
        "per_chapter_macro_f1": {
          "general": 0.2351627599779609,
          "basics": 0.23062003127018607,
          "analysis": 0.26681664215669465,
          "strategy": 0.23507628515533655,
          "mistakes": 0.2523998621243563,
          "ai": 0.2773802106764197,
          "market": 0.2918559793781778,
          "profit": 0.21325754375096279,
          "platform": 0.20502663523270295,
          "__ood__": 0.0
        },
        "per_intent_f1": {
          "__ood__": 0.0,
          "accuracy": 0.2857142857142857,
          "accuracy-fu": 0.5882352941176471,
          "ai-algorithms": 0.7333333333333333,
          "ai-algorithms-fu": 0.0,
          "ai-apis": 0.75,
          "ai-apis-fu": 0.0,
          "ai-automate": 0.8181818181818182,
          "ai-automate-fu": 0.0,
          "ai-combine": 0.7741935483870968,
          "ai-combine-fu": 0.0,
          "ai-dashboard": 0.7857142857142857,
          "ai-dashboard-fu": 0.0,
          "ai-data": 0.75,
          "ai-data-fu": 0.0,
          "ai-ensemble": 0.88,
          "ai-ensemble-fu": 0.0,
          "ai-features": 0.96,
          "ai-features-fu": 0.0,
          "ai-history": 0.8275862068965517,
          "ai-history-fu": 0.0,
          "ai-how": 0.8275862068965517,
          "ai-how-fu": 0.0,
          "ai-improve": 0.8571428571428571,
          "ai-improve-fu": 0.0,
          "ai-livedata": 0.6923076923076923,
          "ai-livedata-fu": 0.0,
          "ai-measure": 0.6875,
          "ai-measure-fu": 0.0,
          "ai-ml": 0.9166666666666666,
          "ai-ml-fu": 0.0,
          "ai-model": 0.782608695652174,
          "ai-model-fu": 0.0,
          "ai-oddsmodel": 0.8275862068965517,
          "ai-oddsmodel-fu": 0.09852216748768473,
          "ai-overfitting": 0.8888888888888888,
          "ai-overfitting-fu": 0.0,
          "ai-realtime": 0.4375,
          "ai-realtime-fu": 0.0,
          "ai-reliability": 0.75,
          "ai-reliability-fu": 0.0,
          "ai-valuebet": 0.75,
          "ai-valuebet-fu": 0.0,
          "analysis-bestleague": 0.8461538461538461,
          "analysis-bestleague-fu": 0.0,
          "analysis-bttsgames": 0.8888888888888888,
          "analysis-bttsgames-fu": 0.14285714285714285,
          "analysis-coach": 0.9565217391304348,
          "analysis-coach-fu": 0.0,
          "analysis-deffoff": 0.8888888888888888,
          "analysis-deffoff-fu": 0.0,
          "analysis-draws": 0.8333333333333334,
          "analysis-draws-fu": 0.0,
          "analysis-form": 0.8333333333333334,
          "analysis-form-fu": 0.0,
          "analysis-goalstats": 0.6666666666666666,
          "analysis-goalstats-fu": 0.0,
          "analysis-h2h": 1.0,
          "analysis-h2h-fu": 0.0,
          "analysis-homeaway": 0.6666666666666666,
          "analysis-homeaway-fu": 0.0,
          "analysis-howto": 0.88,
          "analysis-howto-fu": 0.0,
          "analysis-injuries": 0.75,
          "analysis-injuries-fu": 0.0,
          "analysis-lineups": 0.6666666666666666,
          "analysis-lineups-fu": 0.10526315789473684,
          "analysis-motivation": 0.8181818181818182,
          "analysis-motivation-fu": 0.0,
          "analysis-ougames": 1.0,
          "analysis-ougames-fu": 0.0,
          "analysis-stats": 0.7333333333333333,
          "analysis-stats-fu": 0.0,
          "analysis-tempo": 0.7586206896551724,
          "analysis-tempo-fu": 0.0,
          "analysis-trapgames": 0.8181818181818182,
          "analysis-trapgames-fu": 0.0,
          "analysis-underdogs": 0.9230769230769231,
          "analysis-underdogs-fu": 0.0,
          "analysis-weather": 0.72,
          "analysis-weather-fu": 0.09433962264150944,
          "analysis-xg": 0.782608695652174,
          "analysis-xg-fu": 0.0,
          "basics-1x2": 0.42105263157894735,
          "basics-1x2-fu": 0.0,
          "basics-accumulator": 0.6428571428571429,
          "basics-accumulator-fu": 0.0,
          "basics-asianhandicap": 0.6363636363636364,
          "basics-asianhandicap-fu": 0.0,
          "basics-bookie": 0.75,
          "basics-bookie-fu": 0.0,
          "basics-bookiemoney": 0.6923076923076923,
          "basics-bookiemoney-fu": 0.0,
          "basics-btts": 0.631578947368421,
          "basics-btts-fu": 0.0,
          "basics-cashout": 0.7586206896551724,
          "basics-cashout-fu": 0.07582938388625593,
          "basics-dnb": 0.8,
          "basics-dnb-fu": 0.0,
          "basics-doublechance": 0.6896551724137931,
          "basics-doublechance-fu": 0.0,
          "basics-handicap": 0.8148148148148148,
          "basics-handicap-fu": 0.0,
          "basics-live": 0.7368421052631579,
          "basics-live-fu": 0.0,
          "basics-odds": 0.7857142857142857,
          "basics-odds-fu": 0.0,
          "basics-ou25": 0.8333333333333334,
          "basics-ou25-fu": 0.0,
          "basics-overround": 0.7619047619047619,
          "basics-overround-fu": 0.0,
          "basics-probability": 0.8181818181818182,
          "basics-probability-fu": 0.0,
          "basics-single": 0.88,
          "basics-single-fu": 0.0,
          "basics-specials": 0.8571428571428571,
          "basics-specials-fu": 0.0,
          "basics-system": 0.8461538461538461,
          "basics-system-fu": 0.0,
          "basics-valuebet": 0.6,
          "basics-valuebet-fu": 0.0,
          "basics-winnings": 0.782608695652174,
          "basics-winnings-fu": 0.0,
          "contact": 0.6896551724137931,
          "contact-fu": 0.0,
          "cookies": 0.8571428571428571,
          "cookies-fu": 0.25806451612903225,
          "data-source": 0.8461538461538461,
          "data-source-fu": 0.8695652173913043,
          "kelly": 0.7368421052631579,
          "kelly-fu": 0.7,
          "language": 0.8888888888888888,
          "language-fu": 0.0,
          "market-bestbooks": 0.6666666666666666,
          "market-bestbooks-fu": 0.0,
          "market-change": 0.88,
          "market-change-fu": 0.16666666666666666,
          "market-clv": 0.7333333333333333,
          "market-clv-fu": 0.0,
          "market-compare": 0.7857142857142857,
          "market-compare-fu": 0.0,
          "market-create": 0.7586206896551724,
          "market-create-fu": 0.0,
          "market-diffbooks": 0.8571428571428571,
          "market-diffbooks-fu": 0.0,
          "market-liquidity": 0.9230769230769231,
          "market-liquidity-fu": 0.0,
          "market-movement": 0.6666666666666666,
          "market-movement-fu": 0.17142857142857143,
          "market-sharppublic": 0.9565217391304348,
          "market-sharppublic-fu": 0.0,
          "market-valueOdds": 0.6857142857142857,
          "market-valueOdds-fu": 0.0,
          "mistakes-accumulators": 0.8571428571428571,
          "mistakes-accumulators-fu": 0.0,
          "mistakes-beginner": 0.9166666666666666,
          "mistakes-beginner-fu": 0.0,
          "mistakes-chasing": 0.8888888888888888,
          "mistakes-chasing-fu": 0.0,
          "mistakes-emotions": 0.9565217391304348,
          "mistakes-emotions-fu": 0.0,
          "mistakes-favteam": 0.9230769230769231,
          "mistakes-favteam-fu": 0.0,
          "mistakes-losemoney": 0.9565217391304348,
          "mistakes-losemoney-fu": 0.0,