{
  "per_language": [
    {
      "lang": "it",
      "backend": "transformer",
      "backbone": "FacebookAI/xlm-roberta-base",
      "n_train": 18250,
      "n_val": 3220,
      "n_classes": 269,
      "metrics": {
        "n_val": 3220,
        "top1_accuracy": 0.46335403726708074,
        "top3_accuracy": 0.5512422360248447,
        "macro_f1": 0.4266047899803358,
        "per_chapter_top1": {
          "general": 0.5625,
          "basics": 0.41875,
          "analysis": 0.44583333333333336,
          "strategy": 0.4708333333333333,
          "mistakes": 0.4875,
          "ai": 0.4583333333333333,
          "market": 0.5208333333333334,
          "profit": 0.45416666666666666,
          "platform": 0.43154761904761907,
          "__ood__": 0.0
        },
        "per_chapter_macro_f1": {
          "general": 0.25881089574985733,
          "basics": 0.29046337948552725,
          "analysis": 0.28014499306679036,
          "strategy": 0.2755206852888034,
          "mistakes": 0.25548739589929526,
          "ai": 0.29230231052601363,
          "market": 0.3178361781587588,
          "profit": 0.2359825783166744,
          "platform": 0.21430411580708197,
          "__ood__": 0.0
        },
        "per_intent_f1": {
          "__ood__": 0.0,
          "accuracy": 0.5,
          "accuracy-fu": 0.7368421052631579,
          "ai-algorithms": 0.96,
          "ai-algorithms-fu": 0.0,
          "ai-apis": 0.782608695652174,
          "ai-apis-fu": 0.0,
          "ai-automate": 0.8695652173913043,
          "ai-automate-fu": 0.0,
          "ai-combine": 0.8,
          "ai-combine-fu": 0.0,
          "ai-dashboard": 0.7692307692307693,
          "ai-dashboard-fu": 0.0,
          "ai-data": 0.75,
          "ai-data-fu": 0.0,
          "ai-ensemble": 0.8333333333333334,
          "ai-ensemble-fu": 0.0,
          "ai-features": 0.7586206896551724,
          "ai-features-fu": 0.0,
          "ai-history": 0.8461538461538461,
          "ai-history-fu": 0.0,
          "ai-how": 0.9166666666666666,
          "ai-how-fu": 0.0,
          "ai-improve": 0.88,
          "ai-improve-fu": 0.0,
          "ai-livedata": 0.7368421052631579,
          "ai-livedata-fu": 0.125,
          "ai-measure": 0.6060606060606061,
          "ai-measure-fu": 0.0,
          "ai-ml": 1.0,
          "ai-ml-fu": 0.058823529411764705,
          "ai-model": 0.7333333333333333,
          "ai-model-fu": 0.1111111111111111,
          "ai-oddsmodel": 0.9230769230769231,
          "ai-oddsmodel-fu": 0.07518796992481203,
          "ai-overfitting": 0.8888888888888888,
          "ai-overfitting-fu": 0.0,
          "ai-realtime": 0.88,
          "ai-realtime-fu": 0.0,
          "ai-reliability": 0.8461538461538461,
          "ai-reliability-fu": 0.0,
          "ai-valuebet": 0.6666666666666666,
          "ai-valuebet-fu": 0.0,
          "analysis-bestleague": 0.9230769230769231,
          "analysis-bestleague-fu": 0.0,
          "analysis-bttsgames": 0.5714285714285714,
          "analysis-bttsgames-fu": 0.0,
          "analysis-coach": 0.8695652173913043,
          "analysis-coach-fu": 0.0,
          "analysis-deffoff": 0.9230769230769231,
          "analysis-deffoff-fu": 0.0,
          "analysis-draws": 1.0,
          "analysis-draws-fu": 0.0,
          "analysis-form": 0.96,
          "analysis-form-fu": 0.0,
          "analysis-goalstats": 0.7333333333333333,
          "analysis-goalstats-fu": 0.0,
          "analysis-h2h": 0.7407407407407407,
          "analysis-h2h-fu": 0.0,
          "analysis-homeaway": 0.7096774193548387,
          "analysis-homeaway-fu": 0.0,
          "analysis-howto": 0.7619047619047619,
          "analysis-howto-fu": 0.0,
          "analysis-injuries": 0.7368421052631579,
          "analysis-injuries-fu": 0.13333333333333333,
          "analysis-lineups": 0.9565217391304348,
          "analysis-lineups-fu": 0.0,
          "analysis-motivation": 0.8461538461538461,
          "analysis-motivation-fu": 0.0,
          "analysis-ougames": 0.7272727272727273,
          "analysis-ougames-fu": 0.0,
          "analysis-stats": 0.9166666666666666,
          "analysis-stats-fu": 0.0,
          "analysis-tempo": 0.7857142857142857,
          "analysis-tempo-fu": 0.0,
          "analysis-trapgames": 0.6923076923076923,
          "analysis-trapgames-fu": 0.0,
          "analysis-underdogs": 0.7272727272727273,
          "analysis-underdogs-fu": 0.0,
          "analysis-weather": 0.7857142857142857,
          "analysis-weather-fu": 0.0,
          "analysis-xg": 0.6956521739130435,
          "analysis-xg-fu": 0.08888888888888889,
          "basics-1x2": 0.32,
          "basics-1x2-fu": 0.0,
          "basics-accumulator": 0.8,
          "basics-accumulator-fu": 0.0,
          "basics-asianhandicap": 0.9230769230769231,
          "basics-asianhandicap-fu": 0.0,
          "basics-bookie": 0.8,
          "basics-bookie-fu": 0.0,
          "basics-bookiemoney": 0.8148148148148148,
          "basics-bookiemoney-fu": 0.0,
          "basics-btts": 0.7857142857142857,
          "basics-btts-fu": 0.0,
          "basics-cashout": 0.75,
          "basics-cashout-fu": 0.07692307692307693,
          "basics-dnb": 0.8,
          "basics-dnb-fu": 0.0,
          "basics-doublechance": 0.7857142857142857,
          "basics-doublechance-fu": 0.0,
          "basics-handicap": 0.72,
          "basics-handicap-fu": 0.0,
          "basics-live": 0.8571428571428571,
          "basics-live-fu": 0.0,
          "basics-odds": 0.32,
          "basics-odds-fu": 0.0,
          "basics-ou25": 0.9090909090909091,
          "basics-ou25-fu": 0.0,
          "basics-overround": 0.6666666666666666,
          "basics-overround-fu": 0.0,
          "basics-probability": 0.8695652173913043,
          "basics-probability-fu": 0.0,
          "basics-single": 0.88,
          "basics-single-fu": 0.0,
          "basics-specials": 0.8571428571428571,
          "basics-specials-fu": 0.0,
          "basics-system": 0.8571428571428571,
          "basics-system-fu": 0.07142857142857142,
          "basics-valuebet": 0.5,
          "basics-valuebet-fu": 0.0,
          "basics-winnings": 0.7619047619047619,
          "basics-winnings-fu": 0.0,
          "contact": 0.7741935483870968,
          "contact-fu": 0.0,
          "cookies": 0.8275862068965517,
          "cookies-fu": 0.26666666666666666,
          "data-source": 0.6923076923076923,
          "data-source-fu": 0.8,
          "kelly": 0.8,
          "kelly-fu": 0.631578947368421,
          "language": 1.0,
          "language-fu": 0.0,
          "market-bestbooks": 0.7058823529411765,
          "market-bestbooks-fu": 0.0,
          "market-change": 0.8275862068965517,
          "market-change-fu": 0.16,
          "market-clv": 0.75,
          "market-clv-fu": 0.0,
          "market-compare": 0.88,
          "market-compare-fu": 0.0,
          "market-create": 0.72,
          "market-create-fu": 0.0,
          "market-diffbooks": 0.9230769230769231,
          "market-diffbooks-fu": 0.0,
          "market-liquidity": 0.9230769230769231,
          "market-liquidity-fu": 0.0,
          "market-movement": 0.8571428571428571,
          "market-movement-fu": 0.2222222222222222,
          "market-sharppublic": 1.0,
          "market-sharppublic-fu": 0.0,
          "market-valueOdds": 0.5714285714285714,
          "market-valueOdds-fu": 0.15151515151515152,
          "mistakes-accumulators": 0.8888888888888888,
          "mistakes-accumulators-fu": 0.0,
          "mistakes-beginner": 0.75,
          "mistakes-beginner-fu": 0.0,
          "mistakes-chasing": 0.88,
          "mistakes-chasing-fu": 0.0,
          "mistakes-emotions": 0.9565217391304348,
          "mistakes-emotions-fu": 0.0,
          "mistakes-favteam": 0.9230769230769231,
          "mistakes-favteam-fu": 0.0,
          "mistakes-losemoney": 0.96,
          "mistakes-losemoney-fu": 0.0,
          "mistakes-nobankroll": 0.8181818181818182,
          "mistakes-nobankroll-fu": 0.0,