{
  "per_language": [
    {
      "lang": "es",
      "backend": "transformer",
      "backbone": "FacebookAI/xlm-roberta-base",
      "n_train": 14241,
      "n_val": 2506,
      "n_classes": 269,
      "metrics": {
        "n_val": 2506,
        "top1_accuracy": 0.49441340782122906,
        "top3_accuracy": 0.5877893056664006,
        "macro_f1": 0.48426575700859004,
        "per_chapter_top1": {
          "general": 0.7446808510638298,
          "basics": 0.44623655913978494,
          "analysis": 0.4821917808219178,
          "strategy": 0.45646437994722955,
          "mistakes": 0.5051546391752577,
          "ai": 0.4701086956521739,
          "market": 0.4607329842931937,
          "profit": 0.49171270718232046,
          "platform": 0.5151515151515151,
          "__ood__": 0.0
        },
        "per_chapter_macro_f1": {
          "general": 0.5841524316756515,
          "basics": 0.37420128890717125,
          "analysis": 0.41888017094288643,
          "strategy": 0.36349594859507933,
          "mistakes": 0.44288881150847387,
          "ai": 0.4106140277937832,
          "market": 0.36368324796520896,
          "profit": 0.34443304741650044,
          "platform": 0.4523925699311983,
          "__ood__": 0.0
        },
        "per_intent_f1": {
          "__ood__": 0.0,
          "accuracy": 0.9411764705882353,
          "accuracy-fu": 0.9,
          "ai-algorithms": 0.9,
          "ai-algorithms-fu": 0.0,
          "ai-apis": 1.0,
          "ai-apis-fu": 0.10471204188481675,
          "ai-automate": 1.0,
          "ai-automate-fu": 0.0,
          "ai-combine": 0.9411764705882353,
          "ai-combine-fu": 0.0,
          "ai-dashboard": 1.0,
          "ai-dashboard-fu": 0.0,
          "ai-data": 1.0,
          "ai-data-fu": 0.0,
          "ai-ensemble": 0.9333333333333333,
          "ai-ensemble-fu": 0.0,
          "ai-features": 0.875,
          "ai-features-fu": 0.0,
          "ai-history": 0.8181818181818182,
          "ai-history-fu": 0.0,
          "ai-how": 0.8,
          "ai-how-fu": 0.0,
          "ai-improve": 0.9411764705882353,
          "ai-improve-fu": 0.0,
          "ai-livedata": 0.875,
          "ai-livedata-fu": 0.0,
          "ai-measure": 0.9090909090909091,
          "ai-measure-fu": 0.0,
          "ai-ml": 0.9473684210526315,
          "ai-ml-fu": 0.0,
          "ai-model": 1.0,
          "ai-model-fu": 0.0,
          "ai-oddsmodel": 0.7692307692307693,
          "ai-oddsmodel-fu": 0.0,
          "ai-overfitting": 0.9333333333333333,
          "ai-overfitting-fu": 0.0,
          "ai-realtime": 0.9473684210526315,
          "ai-realtime-fu": 0.0,
          "ai-reliability": 1.0,
          "ai-reliability-fu": 0.0,
          "ai-valuebet": 1.0,
          "ai-valuebet-fu": 0.0,
          "analysis-bestleague": 0.9411764705882353,
          "analysis-bestleague-fu": 0.0,
          "analysis-bttsgames": 0.8888888888888888,
          "analysis-bttsgames-fu": 0.0,
          "analysis-coach": 0.8888888888888888,
          "analysis-coach-fu": 0.0,
          "analysis-deffoff": 0.9411764705882353,
          "analysis-deffoff-fu": 0.0,
          "analysis-draws": 1.0,
          "analysis-draws-fu": 0.0,
          "analysis-form": 1.0,
          "analysis-form-fu": 0.0,
          "analysis-goalstats": 1.0,
          "analysis-goalstats-fu": 0.0,
          "analysis-h2h": 1.0,
          "analysis-h2h-fu": 0.0,
          "analysis-homeaway": 0.9411764705882353,
          "analysis-homeaway-fu": 0.0,
          "analysis-howto": 0.9411764705882353,
          "analysis-howto-fu": 0.0,
          "analysis-injuries": 1.0,
          "analysis-injuries-fu": 0.2028985507246377,
          "analysis-lineups": 0.875,
          "analysis-lineups-fu": 0.0,
          "analysis-motivation": 1.0,
          "analysis-motivation-fu": 0.0,
          "analysis-ougames": 0.9,
          "analysis-ougames-fu": 0.0,
          "analysis-stats": 0.8571428571428571,
          "analysis-stats-fu": 0.0,
          "analysis-tempo": 0.9473684210526315,
          "analysis-tempo-fu": 0.0,
          "analysis-trapgames": 0.7692307692307693,
          "analysis-trapgames-fu": 0.08333333333333333,
          "analysis-underdogs": 0.875,
          "analysis-underdogs-fu": 0.0,
          "analysis-weather": 1.0,
          "analysis-weather-fu": 0.0,
          "analysis-xg": 1.0,
          "analysis-xg-fu": 0.0,
          "basics-1x2": 1.0,
          "basics-1x2-fu": 0.0,
          "basics-accumulator": 0.9411764705882353,
          "basics-accumulator-fu": 0.0,
          "basics-asianhandicap": 0.9333333333333333,
          "basics-asianhandicap-fu": 0.0,
          "basics-bookie": 0.9333333333333333,
          "basics-bookie-fu": 0.0,
          "basics-bookiemoney": 0.8235294117647058,
          "basics-bookiemoney-fu": 0.0,
          "basics-btts": 0.9411764705882353,
          "basics-btts-fu": 0.0,
          "basics-cashout": 0.9333333333333333,
          "basics-cashout-fu": 0.0,
          "basics-dnb": 1.0,
          "basics-dnb-fu": 0.0,
          "basics-doublechance": 0.9230769230769231,
          "basics-doublechance-fu": 0.0,
          "basics-handicap": 1.0,
          "basics-handicap-fu": 0.0,
          "basics-live": 1.0,
          "basics-live-fu": 0.0,
          "basics-odds": 0.64,
          "basics-odds-fu": 0.0,
          "basics-ou25": 0.9411764705882353,
          "basics-ou25-fu": 0.09090909090909091,
          "basics-overround": 0.9473684210526315,
          "basics-overround-fu": 0.0,
          "basics-probability": 0.8,
          "basics-probability-fu": 0.0,
          "basics-single": 0.8181818181818182,
          "basics-single-fu": 0.0,
          "basics-specials": 1.0,
          "basics-specials-fu": 0.0,
          "basics-system": 0.9411764705882353,
          "basics-system-fu": 0.0,
          "basics-valuebet": 0.6666666666666666,
          "basics-valuebet-fu": 0.0,
          "basics-winnings": 0.9090909090909091,
          "basics-winnings-fu": 0.0,
          "contact": 1.0,
          "contact-fu": 0.0,
          "cookies": 1.0,
          "cookies-fu": 0.30303030303030304,
          "data-source": 0.9411764705882353,
          "data-source-fu": 0.8695652173913043,
          "kelly": 1.0,
          "kelly-fu": 1.0,
          "language": 0.9411764705882353,
          "language-fu": 0.0,
          "market-bestbooks": 0.9473684210526315,
          "market-bestbooks-fu": 0.0,
          "market-change": 0.9473684210526315,
          "market-change-fu": 0.1651376146788991,
          "market-clv": 1.0,
          "market-clv-fu": 0.0,
          "market-compare": 0.9411764705882353,
          "market-compare-fu": 0.0,
          "market-create": 0.2,
          "market-create-fu": 0.0,
          "market-diffbooks": 0.875,
          "market-diffbooks-fu": 0.0,
          "market-liquidity": 1.0,
          "market-liquidity-fu": 0.0,
          "market-movement": 0.9411764705882353,
          "market-movement-fu": 0.0,
          "market-sharppublic": 1.0,
          "market-sharppublic-fu": 0.0,
          "market-valueOdds": 1.0,
          "market-valueOdds-fu": 0.0,
          "mistakes-accumulators": 0.9,
          "mistakes-accumulators-fu": 0.0,
          "mistakes-beginner": 0.8,
          "mistakes-beginner-fu": 0.205607476635514,
          "mistakes-chasing": 1.0,
          "mistakes-chasing-fu": 0.0,
          "mistakes-emotions": 1.0,
          "mistakes-emotions-fu": 0.0,
          "mistakes-favteam": 0.8333333333333334,
          "mistakes-favteam-fu": 0.0,
          "mistakes-losemoney": 0.9,
          "mistakes-losemoney-fu": 0.0,
          "mistakes-nobankroll": 0.8,
          "mistakes-nobankroll-fu": 0.0,
          "mistakes-overbetting": 0.9473684210526315,
          "mistakes-overbetting-fu": 0.0,
          "mistakes-surebets": 0.9473684210526315,
          "mistakes-surebets-fu": 0.0,
          "mistakes-tipsters": 0.9523809523809523,
          "mistakes-tipsters-fu": 0.0,
          "pi-rating": 0.9230769230769231,