{
  "per_language": [
    {
      "lang": "de",
      "backend": "transformer",
      "backbone": "FacebookAI/xlm-roberta-base",
      "n_train": 18250,
      "n_val": 3220,
      "n_classes": 269,
      "metrics": {
        "n_val": 3220,
        "top1_accuracy": 0.4891304347826087,
        "top3_accuracy": 0.5695652173913044,
        "macro_f1": 0.4514888223033369,
        "per_chapter_top1": {},
        "per_chapter_macro_f1": {},
        "per_intent_f1": {
          "__ood__": 0.0,
          "accuracy": 0.6666666666666666,
          "accuracy-fu": 0.6,
          "ai-algorithms": 0.96,
          "ai-algorithms-fu": 0.0,
          "ai-apis": 0.8461538461538461,
          "ai-apis-fu": 0.10050251256281408,
          "ai-automate": 0.8148148148148148,
          "ai-automate-fu": 0.0,
          "ai-combine": 0.8888888888888888,
          "ai-combine-fu": 0.0,
          "ai-dashboard": 0.9565217391304348,
          "ai-dashboard-fu": 0.0,
          "ai-data": 0.8571428571428571,
          "ai-data-fu": 0.0,
          "ai-ensemble": 0.8461538461538461,
          "ai-ensemble-fu": 0.0,
          "ai-features": 0.8571428571428571,
          "ai-features-fu": 0.0,
          "ai-history": 0.9565217391304348,
          "ai-history-fu": 0.0,
          "ai-how": 0.9090909090909091,
          "ai-how-fu": 0.0,
          "ai-improve": 0.88,
          "ai-improve-fu": 0.0,
          "ai-livedata": 0.8,
          "ai-livedata-fu": 0.14285714285714285,
          "ai-measure": 0.8695652173913043,
          "ai-measure-fu": 0.0,
          "ai-ml": 0.9565217391304348,
          "ai-ml-fu": 0.0,
          "ai-model": 0.7407407407407407,
          "ai-model-fu": 0.0,
          "ai-oddsmodel": 1.0,
          "ai-oddsmodel-fu": 0.0,
          "ai-overfitting": 0.9230769230769231,
          "ai-overfitting-fu": 0.0,
          "ai-realtime": 0.8275862068965517,
          "ai-realtime-fu": 0.0,
          "ai-reliability": 0.88,
          "ai-reliability-fu": 0.0,
          "ai-valuebet": 0.6,
          "ai-valuebet-fu": 0.0,
          "analysis-bestleague": 0.9230769230769231,
          "analysis-bestleague-fu": 0.0,
          "analysis-bttsgames": 0.8888888888888888,
          "analysis-bttsgames-fu": 0.0,
          "analysis-coach": 0.9230769230769231,
          "analysis-coach-fu": 0.0,
          "analysis-deffoff": 0.8571428571428571,
          "analysis-deffoff-fu": 0.0,
          "analysis-draws": 0.9230769230769231,
          "analysis-draws-fu": 0.0,
          "analysis-form": 0.96,
          "analysis-form-fu": 0.0,
          "analysis-goalstats": 0.8571428571428571,
          "analysis-goalstats-fu": 0.0,
          "analysis-h2h": 0.9565217391304348,
          "analysis-h2h-fu": 0.0,
          "analysis-homeaway": 0.8275862068965517,
          "analysis-homeaway-fu": 0.0,
          "analysis-howto": 0.8333333333333334,
          "analysis-howto-fu": 0.0,
          "analysis-injuries": 1.0,
          "analysis-injuries-fu": 0.0,
          "analysis-lineups": 0.8461538461538461,
          "analysis-lineups-fu": 0.11764705882352941,
          "analysis-motivation": 0.96,
          "analysis-motivation-fu": 0.0,
          "analysis-ougames": 1.0,
          "analysis-ougames-fu": 0.0,
          "analysis-stats": 0.9565217391304348,
          "analysis-stats-fu": 0.0,
          "analysis-tempo": 1.0,
          "analysis-tempo-fu": 0.0,
          "analysis-trapgames": 0.8571428571428571,
          "analysis-trapgames-fu": 0.0,
          "analysis-underdogs": 0.9230769230769231,
          "analysis-underdogs-fu": 0.0,
          "analysis-weather": 0.8695652173913043,
          "analysis-weather-fu": 0.0,
          "analysis-xg": 0.8,
          "analysis-xg-fu": 0.1,
          "basics-1x2": 0.7619047619047619,
          "basics-1x2-fu": 0.0,
          "basics-accumulator": 0.6956521739130435,
          "basics-accumulator-fu": 0.0,
          "basics-asianhandicap": 0.8461538461538461,
          "basics-asianhandicap-fu": 0.0,
          "basics-bookie": 0.7096774193548387,
          "basics-bookie-fu": 0.0,
          "basics-bookiemoney": 0.9090909090909091,
          "basics-bookiemoney-fu": 0.0,
          "basics-btts": 0.8,
          "basics-btts-fu": 0.0,
          "basics-cashout": 0.7058823529411765,
          "basics-cashout-fu": 0.08,
          "basics-dnb": 0.72,
          "basics-dnb-fu": 0.0,
          "basics-doublechance": 0.8461538461538461,
          "basics-doublechance-fu": 0.0,
          "basics-handicap": 0.8,
          "basics-handicap-fu": 0.0,
          "basics-live": 0.7692307692307693,
          "basics-live-fu": 0.0,
          "basics-odds": 0.7,
          "basics-odds-fu": 0.0,
          "basics-ou25": 0.7857142857142857,
          "basics-ou25-fu": 0.0,
          "basics-overround": 0.8695652173913043,
          "basics-overround-fu": 0.0,
          "basics-probability": 0.8461538461538461,
          "basics-probability-fu": 0.0,
          "basics-single": 0.8275862068965517,
          "basics-single-fu": 0.0,
          "basics-specials": 0.6956521739130435,
          "basics-specials-fu": 0.0,
          "basics-system": 0.7272727272727273,
          "basics-system-fu": 0.0,
          "basics-valuebet": 0.5882352941176471,
          "basics-valuebet-fu": 0.0,
          "basics-winnings": 0.8,
          "basics-winnings-fu": 0.0,
          "contact": 0.8461538461538461,
          "contact-fu": 0.0,
          "cookies": 0.8888888888888888,
          "cookies-fu": 0.2711864406779661,
          "data-source": 0.5806451612903226,
          "data-source-fu": 0.9090909090909091,
          "kelly": 0.631578947368421,
          "kelly-fu": 0.6666666666666666,
          "language": 0.9565217391304348,
          "language-fu": 0.0,
          "market-bestbooks": 0.8888888888888888,
          "market-bestbooks-fu": 0.0,
          "market-change": 0.631578947368421,
          "market-change-fu": 0.22,
          "market-clv": 0.9166666666666666,
          "market-clv-fu": 0.0,
          "market-compare": 0.9090909090909091,
          "market-compare-fu": 0.0,
          "market-create": 0.6666666666666666,
          "market-create-fu": 0.0,
          "market-diffbooks": 0.8,
          "market-diffbooks-fu": 0.0,
          "market-liquidity": 0.9230769230769231,
          "market-liquidity-fu": 0.125,
          "market-movement": 0.7741935483870968,
          "market-movement-fu": 0.0,
          "market-sharppublic": 0.9565217391304348,
          "market-sharppublic-fu": 0.0,
          "market-valueOdds": 0.9230769230769231,
          "market-valueOdds-fu": 0.0,
          "mistakes-accumulators": 0.8888888888888888,
          "mistakes-accumulators-fu": 0.0,
          "mistakes-beginner": 0.96,
          "mistakes-beginner-fu": 0.0,
          "mistakes-chasing": 1.0,
          "mistakes-chasing-fu": 0.0,
          "mistakes-emotions": 0.9166666666666666,
          "mistakes-emotions-fu": 0.0,
          "mistakes-favteam": 1.0,
          "mistakes-favteam-fu": 0.0,
          "mistakes-losemoney": 0.9565217391304348,
          "mistakes-losemoney-fu": 0.0,
          "mistakes-nobankroll": 0.8571428571428571,
          "mistakes-nobankroll-fu": 0.0,
          "mistakes-overbetting": 0.96,
          "mistakes-overbetting-fu": 0.0,
          "mistakes-surebets": 0.9090909090909091,
          "mistakes-surebets-fu": 0.11267605633802817,
          "mistakes-tipsters": 0.9230769230769231,
          "mistakes-tipsters-fu": 0.09523809523809523,
          "pi-rating": 0.7,
          "pi-rating-fu": 0.0,
          "platform-alerts": 0.8695652173913043,
          "platform-alerts-fu": 0.10884353741496598,
          "platform-autoload": 0.96,
          "platform-autoload-fu": 0.08,
          "platform-bestbets": 0.9565217391304348,
          "platform-bestbets-fu": 0.0,
          "platform-confidence": 0.8888888888888888,
          "platform-confidence-fu": 0.0,
          "platform-daily": 0.75,
          "platform-daily-fu": 0.0,
          "platform-history": 1.0,